Latitude,Longitude,Magnitude,Info
63.53,-146.65,1.60,72km SW of Delta Junction, Alaska
33.54,-116.66,0.30,2km SE of Anza, California
5.86,126.18,4.50,55km S of Pondaguitan, Philippines
19.29,-155.23,2.10,16km S of Volcano, Hawaii
0.91,127.31,4.70,15km NNW of Kota Ternate, Indonesia
63.50,-151.22,1.50,114km W of Cantwell, Alaska
63.45,-151.42,1.10,123km W of Cantwell, Alaska
39.39,-120.20,-0.00,7km NNW of Truckee, California
33.23,-116.73,0.50,4km ESE of Lake Henshaw, California
38.66,20.49,4.40,20km WSW of Nidri, Greece
38.84,-122.80,0.80,6km WNW of Cobb, California
38.31,-118.56,0.30,24km SSE of Hawthorne, Nevada
38.17,-118.82,0.80,37km ESE of Bridgeport, California
60.01,-141.07,1.50,76km E of Cape Yakataga, Alaska
38.52,-118.52,0.80,9km E of Hawthorne, Nevada
41.87,-119.62,1.50,69km ESE of Lakeview, Oregon
49.41,155.28,4.60,153km SSW of Severo-Kuril'sk, Russia
36.27,-121.66,2.00,28km SSE of Carmel Valley Village, California
63.25,-150.43,1.70,75km WSW of Cantwell, Alaska
36.65,-117.13,-0.00,44km SW of Beatty, Nevada
38.77,20.47,4.70,20km WSW of Lefkada, Greece
36.92,-97.82,2.60,14km NNW of Medford, Oklahoma
64.99,-147.32,1.60,23km NNE of Badger, Alaska
36.26,-121.66,2.00,28km SSE of Carmel Valley Village, California
41.78,71.47,4.40,31km E of Kanysh-Kyya, Kyrgyzstan
38.80,-122.82,1.40,6km WNW of The Geysers, California
36.93,-97.81,2.50,15km NNW of Medford, Oklahoma
38.81,-122.77,0.60,3km NNW of The Geysers, California
37.22,-119.52,1.80,16km SE of Oakhurst, California
37.57,-118.63,1.10,27km NW of Dixon Lane-Meadow Creek, California
62.98,-150.08,2.40,72km SW of Cantwell, Alaska
38.81,-122.81,0.60,6km NW of The Geysers, California
19.13,-155.46,2.10,8km SSE of Pahala, Hawaii
37.57,-118.63,2.70,27km NW of Dixon Lane-Meadow Creek, California
40.26,-121.49,1.10,22km WSW of Chester, California
38.75,20.49,4.70,19km WNW of Nidri, Greece
38.83,-122.77,0.50,4km WNW of Cobb, California
63.97,-148.69,1.30,18km NE of Healy, Alaska
-11.63,165.52,5.10,106km SSW of Lata, Solomon Islands
41.88,-119.62,1.00,69km ESE of Lakeview, Oregon
35.00,-118.21,1.30,Quarry Blast - 7km SSW of Mojave, California
64.20,-148.31,1.40,49km NE of Healy, Alaska
37.14,-116.75,0.00,25km N of Beatty, Nevada
63.10,-149.18,1.20,34km SSW of Cantwell, Alaska
39.28,-122.76,1.90,18km NE of Upper Lake, California
36.63,-98.37,3.30,12km NW of Helena, Oklahoma
36.45,-113.51,1.80,60km SE of Littlefield, Arizona
60.06,-152.04,1.50,33km NNW of Anchor Point, Alaska
36.91,-97.82,3.90,13km NW of Medford, Oklahoma
36.91,-97.81,3.10,13km NNW of Medford, Oklahoma
36.93,-97.82,4.10,15km NNW of Medford, Oklahoma
38.10,-118.41,0.60,50km SSE of Hawthorne, Nevada
51.53,-173.59,2.50,85km SSE of Atka, Alaska
49.39,-120.44,2.40,Explosion - 8km SSE of Princeton, Canada
37.57,-118.87,0.20,12km SE of Mammoth Lakes, California
33.85,-117.51,1.60,Quarry Blast - 4km SSE of Home Gardens, California
63.54,-147.52,0.90,73km ENE of Cantwell, Alaska
-6.65,-80.49,4.50,54km WSW of Morrope, Peru
46.33,-122.24,0.40,25km S of Morton, Washington
36.73,-98.08,3.10,25km E of Cherokee, Oklahoma
39.47,-119.47,0.60,13km NW of Stagecoach, Nevada
60.13,-141.55,1.60,49km E of Cape Yakataga, Alaska
36.65,-117.14,0.30,45km SW of Beatty, Nevada
36.76,-121.45,1.20,9km SW of Ridgemark, California
34.02,-117.09,0.90,5km WSW of Yucaipa, California
38.83,-122.77,0.50,4km WNW of Cobb, California
-7.44,105.24,4.80,82km SW of Cicadas, Indonesia
33.47,-116.57,0.80,13km SE of Anza, California
38.26,-119.09,1.70,12km E of Bridgeport, California
38.75,-122.76,0.60,2km S of The Geysers, California
63.11,-150.49,1.60,83km WSW of Cantwell, Alaska
38.01,-118.39,0.70,60km SSE of Hawthorne, Nevada
66.30,-151.57,3.10,54km ESE of New Allakaket, Alaska
36.54,-113.52,1.50,53km SE of Littlefield, Arizona
19.42,-155.63,1.50,24km E of Honaunau-Napoopoo, Hawaii
36.51,-113.53,2.90,54km SE of Littlefield, Arizona
37.39,-117.09,1.80,37km SSE of Goldfield, Nevada
37.36,-117.10,1.60,40km SSE of Goldfield, Nevada
19.44,-155.23,1.70,1km NNE of Volcano, Hawaii
39.69,-119.41,0.00,16km WNW of Fernley, Nevada
36.14,-118.26,1.20,28km SW of Olancha, California
33.68,-116.79,1.00,9km SW of Idyllwild, California
59.79,-153.02,3.10,66km W of Anchor Point, Alaska
8.53,-71.34,5.00,5km ENE of Lagunillas, Venezuela
64.99,-147.76,0.50,15km N of College, Alaska
60.45,-141.08,2.10,86km ENE of Cape Yakataga, Alaska
60.14,-141.43,2.00,56km E of Cape Yakataga, Alaska
37.00,-116.94,-0.00,18km WNW of Beatty, Nevada
45.50,-122.86,1.90,1km NE of Aloha, Oregon
45.93,-111.28,1.00,9km NNE of Manhattan, Montana
41.90,-119.63,1.20,67km ESE of Lakeview, Oregon
63.29,-151.67,1.90,133km NW of Talkeetna, Alaska
41.89,-119.63,1.30,67km ESE of Lakeview, Oregon
-24.20,-66.84,4.60,53km W of San Antonio de los Cobres, Argentina
35.15,-118.41,1.50,Quarry Blast - 4km ENE of Tehachapi, California
39.23,-120.47,0.10,26km WSW of Truckee, California
48.32,-122.10,1.70,10km NNE of Bryant, Washington
62.08,-149.35,1.70,27km ESE of Y, Alaska
35.62,-117.57,0.70,9km E of Ridgecrest, California
37.48,-118.84,0.80,23km SSE of Mammoth Lakes, California
47.85,-121.67,1.00,2km ESE of Gold Bar, Washington
33.42,-116.64,0.30,15km N of Warner Springs, California
33.26,-116.11,1.60,13km N of Ocotillo Wells, California
33.27,-116.27,1.00,10km ENE of Borrego Springs, California
33.28,-116.27,0.90,10km ENE of Borrego Springs, California
35.82,-116.80,2.10,51km WSW of Shoshone, California
36.49,-98.60,2.80,26km NNW of Fairview, Oklahoma
38.81,-122.79,1.40,4km NW of The Geysers, California
38.81,-122.79,1.60,4km NW of The Geysers, California
33.94,-116.04,1.00,22km S of Twentynine Palms, California
33.98,-116.75,1.10,8km NNE of Cabazon, California
38.81,-122.84,0.90,7km WNW of The Geysers, California
1.03,127.60,4.90,33km NE of Ternate, Indonesia
37.65,-118.93,0.40,3km E of Mammoth Lakes, California
33.72,-116.74,1.10,3km SW of Idyllwild, California
36.10,-117.66,0.90,26km ENE of Coso Junction, California
48.20,-119.66,1.70,14km NE of Brewster, Washington
59.94,-140.87,2.50,77km NW of Yakutat, Alaska
38.82,-122.83,0.90,7km NW of The Geysers, California
33.64,-116.70,0.50,10km NNW of Anza, California
38.82,-122.80,0.90,6km W of Cobb, California
36.00,-120.56,1.30,24km SW of Coalinga, California
36.63,-98.46,2.70,16km SSW of Cherokee, Oklahoma
36.75,-116.15,-0.00,57km ESE of Beatty, Nevada
34.04,-117.12,1.50,4km SSE of Mentone, California
40.31,-124.62,2.20,42km SW of Ferndale, California
38.08,-118.82,0.60,41km ESE of Bridgeport, California
36.65,-98.46,3.50,14km SW of Cherokee, Oklahoma
35.73,-116.52,0.60,54km NNE of Fort Irwin, California
37.28,-115.19,0.90,9km SSW of Alamo, Nevada
64.61,-149.37,2.60,12km WNW of North Nenana, Alaska
37.32,-115.19,1.90,5km SSW of Alamo, Nevada
37.32,-115.18,1.20,4km SSW of Alamo, Nevada
37.28,-115.19,0.40,9km S of Alamo, Nevada
46.20,-122.18,0.30,37km NNE of Amboy, Washington
61.21,-150.14,1.80,12km W of Anchorage, Alaska
33.47,-116.58,1.60,13km SE of Anza, California
37.09,-117.94,0.50,32km ESE of Big Pine, California
38.70,20.51,4.80,17km W of Nidri, Greece
31.17,-115.70,3.00,103km SE of Maneadero, B.C., MX
59.26,-153.09,3.00,91km SW of Anchor Point, Alaska
19.05,-67.64,2.80,84km NW of San Antonio, Puerto Rico
33.17,-116.13,1.50,3km N of Ocotillo Wells, California
38.79,-122.73,0.90,2km ENE of The Geysers, California
41.88,-119.62,1.80,69km ESE of Lakeview, Oregon
41.89,-119.62,1.20,68km ESE of Lakeview, Oregon
37.31,-115.19,2.50,6km SSW of Alamo, Nevada
63.05,-151.53,1.50,109km NW of Talkeetna, Alaska
37.31,-115.18,1.90,6km S of Alamo, Nevada
38.09,-118.86,0.80,37km ESE of Bridgeport, California
59.72,-150.48,2.40,46km E of Fritz Creek, Alaska
37.16,-116.98,0.10,34km NW of Beatty, Nevada
65.12,-148.61,1.60,41km NW of Ester, Alaska
36.52,-98.60,3.20,29km NNW of Fairview, Oklahoma
38.82,-122.84,1.40,8km NW of The Geysers, California
33.67,-116.78,0.50,9km SW of Idyllwild, California
33.60,-116.81,0.10,14km WNW of Anza, California
46.20,-122.17,0.20,38km NNE of Amboy, Washington
38.83,-119.62,1.20,12km ESE of Gardnerville Ranchos, Nevada
44.57,-110.91,0.30,13km NNW of Old Faithful Geyser, Wyoming
37.62,-119.37,1.00,22km SE of Yosemite Valley, California
61.41,-147.01,1.90,46km NW of Valdez, Alaska
38.84,-122.83,0.70,9km WNW of Cobb, California
26.49,142.54,4.90,72km SSE of Chichi-shima, Japan
33.35,-116.40,1.20,11km NNW of Borrego Springs, California
38.40,-116.48,1.20,25km NNW of Warm Springs, Nevada
47.87,-122.49,2.80,7km SE of Hansville, Washington
19.65,-156.00,2.10,0km N of Kailua-Kona, Hawaii
36.64,-98.46,3.50,15km SW of Cherokee, Oklahoma
47.88,-121.64,0.60,4km ENE of Gold Bar, Washington
35.34,-117.95,1.10,24km N of California City, California
36.66,-97.72,2.60,16km S of Medford, Oklahoma
33.47,-116.57,0.30,13km SE of Anza, California
34.09,-116.73,0.90,14km WNW of Morongo Valley, California
33.53,-116.73,0.80,6km WSW of Anza, California
19.36,-68.83,2.80,47km NNE of Miches, Dominican Republic
19.45,-155.60,0.70,27km E of Honaunau-Napoopoo, Hawaii
41.90,-119.64,1.30,66km ESE of Lakeview, Oregon
26.38,142.71,5.50,91km SSE of Chichi-shima, Japan
36.64,-117.12,0.60,43km SW of Beatty, Nevada
38.83,-119.61,0.90,13km ESE of Gardnerville Ranchos, Nevada
38.53,20.35,4.80,37km WNW of Ithaki, Greece
44.55,-110.91,0.30,12km NW of Old Faithful Geyser, Wyoming
63.44,-147.62,1.60,66km E of Cantwell, Alaska
40.37,73.20,4.90,21km WNW of Gul'cha, Kyrgyzstan
38.83,-122.81,0.60,7km W of Cobb, California
34.24,-117.44,0.90,4km WNW of Devore, California
59.56,-150.96,1.60,27km SE of Fritz Creek, Alaska
62.02,-149.82,2.40,16km S of Y, Alaska
41.86,-119.63,3.00,69km ESE of Lakeview, Oregon
41.83,-112.36,1.20,18km WNW of Garland, Utah
36.65,-117.13,0.20,44km SW of Beatty, Nevada
33.60,-116.82,0.60,14km WNW of Anza, California
36.02,-117.78,0.70,15km NE of Little Lake, California
46.24,-122.40,0.10,36km N of Amboy, Washington
38.13,-118.42,1.00,47km SSE of Hawthorne, Nevada
36.65,-117.15,0.40,45km SW of Beatty, Nevada
33.47,-116.57,0.30,13km SE of Anza, California
3.76,125.72,4.90,183km S of Sarangani, Philippines
38.84,-122.83,0.90,9km WNW of Cobb, California
33.97,-116.33,0.60,16km E of Desert Hot Springs, California
38.83,-122.81,0.90,7km W of Cobb, California
35.49,-118.43,0.90,12km SSE of Bodfish, California
19.22,-155.25,1.60,23km S of Volcano, Hawaii
33.97,-116.65,0.80,11km SW of Morongo Valley, California
26.43,142.58,4.70,80km SSE of Chichi-shima, Japan
41.88,-119.64,1.60,67km ESE of Lakeview, Oregon
37.35,-117.30,0.40,39km S of Goldfield, Nevada
60.40,-152.08,2.30,37km ESE of Redoubt Volcano, Alaska
62.13,-152.13,1.40,107km W of Talkeetna, Alaska
34.15,-117.47,0.80,6km NNW of Fontana, California
34.14,-118.32,1.10,3km E of Universal City, California
65.00,-147.32,1.70,24km NNE of Badger, Alaska
45.12,-108.59,2.20,Quarry Blast - 35km NNW of Lovell, Wyoming
39.71,-111.17,1.40,24km ENE of Fairview, Utah
34.51,-116.51,1.10,39km SW of Ludlow, California
-36.16,-71.12,4.00,55km SE of Linares, Chile
38.81,-122.78,1.80,4km NNW of The Geysers, California
37.25,71.57,4.40,22km W of Roshtqal'a, Tajikistan
36.67,140.76,4.50,6km SE of Takahagi, Japan
63.52,-148.21,2.00,39km ENE of Cantwell, Alaska
33.64,-116.74,0.40,11km S of Idyllwild, California
33.53,-116.73,0.50,6km WSW of Anza, California
-29.70,-72.29,4.20,95km WNW of Coquimbo, Chile
43.54,-121.73,1.80,23km SW of La Pine, Oregon
43.58,-121.74,1.30,21km WSW of La Pine, Oregon
43.58,-121.73,1.70,21km WSW of La Pine, Oregon
50.93,-176.37,2.70,107km S of Adak, Alaska
19.13,-68.21,3.10,64km NNE of Punta Cana, Dominican Republic
44.23,-114.01,1.30,35km SSE of Challis, Idaho
60.01,-141.90,2.00,30km ESE of Cape Yakataga, Alaska
34.59,-117.30,0.90,Quarry Blast - 6km N of Victorville, California
38.80,-122.82,1.00,6km WNW of The Geysers, California
36.19,-117.87,2.10,16km SE of Olancha, California
41.87,-119.62,1.90,69km ESE of Lakeview, Oregon
37.94,-122.11,2.70,4km W of Pleasant Hill, California
33.30,-115.76,1.40,6km SSW of Bombay Beach, California
47.89,-122.71,1.90,Explosion - 4km SSW of Port Ludlow, Washington
32.62,-116.33,1.50,13km E of Campo, California
46.06,-122.64,1.20,16km ENE of Kalama, Washington
41.89,-119.62,1.50,68km ESE of Lakeview, Oregon
-41.19,85.32,4.80,Southeast Indian Ridge
37.40,-117.10,1.00,36km SSE of Goldfield, Nevada
44.74,-110.96,0.30,14km NE of West Yellowstone, Montana
35.56,-118.34,1.50,14km ESE of Lake Isabella, California
44.74,-110.98,0.20,13km NE of West Yellowstone, Montana
44.73,-110.93,-0.00,15km ENE of West Yellowstone, Montana
44.74,-110.95,-0.00,15km NE of West Yellowstone, Montana
-31.06,-72.07,4.60,97km WSW of Ovalle, Chile
35.56,-118.33,1.20,14km ESE of Lake Isabella, California
33.88,-117.51,0.80,Quarry Blast - 1km E of Home Gardens, California
57.00,-154.58,3.10,69km SSW of Larsen Bay, Alaska
33.60,-116.72,0.50,6km NW of Anza, California
45.86,-112.03,0.80,Quarry Blast - 5km ESE of Whitehall, Montana
60.29,-151.71,2.10,23km WSW of Cohoe, Alaska
60.29,-151.71,2.10,23km WSW of Cohoe, Alaska
18.04,-68.64,3.40,37km S of Boca de Yuma, Dominican Republic
39.39,-120.20,0.50,7km NNW of Truckee, California
34.35,-116.87,1.20,Quarry Blast - 10km NNW of Big Bear City, California
33.85,-117.49,1.50,Quarry Blast - 4km SE of Home Gardens, California
39.40,-120.20,0.40,7km N of Truckee, California
33.21,-116.18,1.00,9km NNW of Ocotillo Wells, California
36.98,-121.64,2.80,6km WSW of Gilroy, California
38.27,142.53,4.60,109km E of Ishinomaki, Japan
18.78,-64.74,1.80,42km NNW of Road Town, British Virgin Islands
53.57,-167.00,2.50,45km SW of Unalaska, Alaska
61.03,-146.59,1.40,17km SW of Valdez, Alaska
-24.67,-175.93,5.10,South of Tonga
34.05,-117.36,1.20,Quarry Blast - 4km WNW of Grand Terrace, California
37.97,-121.67,2.20,0km NW of Knightsen, California
61.35,-150.00,2.10,15km NNW of Anchorage, Alaska
61.35,-150.00,2.10,15km NNW of Anchorage, Alaska
38.59,-122.80,1.70,4km NNE of Windsor, California
47.83,-121.52,1.20,Explosion - 13km E of Gold Bar, Washington
38.47,20.45,4.30,25km WNW of Ithaki, Greece
38.81,-122.83,0.90,7km WNW of The Geysers, California
61.16,-149.96,1.80,7km SSW of Anchorage, Alaska
36.64,-98.47,2.60,15km SW of Cherokee, Oklahoma
34.12,-117.47,1.00,3km NNW of Fontana, California
38.83,-122.77,1.50,4km WNW of Cobb, California
39.47,-119.48,1.20,13km NW of Stagecoach, Nevada
39.47,-119.48,0.90,13km NW of Stagecoach, Nevada
41.89,-119.63,1.20,68km ESE of Lakeview, Oregon
38.09,-118.88,1.10,35km ESE of Bridgeport, California
43.77,-110.87,0.90,20km ENE of Driggs, Idaho
61.56,-146.45,1.70,48km N of Valdez, Alaska
63.13,-144.35,1.60,72km WSW of Tok, Alaska
38.82,-122.85,0.70,9km WNW of The Geysers, California
36.48,-89.54,1.10,11km S of New Madrid, Missouri
37.35,-117.31,0.40,40km S of Goldfield, Nevada
46.24,-122.44,0.80,36km E of Castle Rock, Washington
36.01,-117.80,0.30,13km NE of Little Lake, California
36.65,-98.47,2.90,15km SW of Cherokee, Oklahoma
37.34,-117.91,0.20,38km ENE of Big Pine, California
19.44,-155.60,0.60,27km E of Honaunau-Napoopoo, Hawaii
61.50,-146.38,1.10,41km N of Valdez, Alaska
61.50,-146.38,1.10,41km N of Valdez, Alaska
63.30,-151.21,0.90,113km W of Cantwell, Alaska
60.28,-141.74,1.50,45km ENE of Cape Yakataga, Alaska
60.28,-141.74,1.50,45km ENE of Cape Yakataga, Alaska
31.30,128.86,4.70,138km W of Makurazaki, Japan
-31.31,-72.59,4.50,140km WNW of Illapel, Chile
38.96,-111.38,1.30,25km SW of Ferron, Utah
36.09,-97.58,4.00,15km N of Crescent, Oklahoma
19.41,-155.63,1.50,24km ESE of Honaunau-Napoopoo, Hawaii
63.06,-149.09,1.50,38km S of Cantwell, Alaska
-7.57,-13.53,5.30,106km ENE of Georgetown, Saint Helena
37.63,-118.88,0.40,8km E of Mammoth Lakes, California
64.79,-150.89,1.80,26km SSW of Manley Hot Springs, Alaska
38.79,-122.75,1.00,1km N of The Geysers, California
36.07,-97.59,3.40,12km N of Crescent, Oklahoma
43.77,-110.87,1.60,19km ENE of Driggs, Idaho
38.84,-122.83,2.00,9km WNW of Cobb, California
44.80,-110.27,1.70,58km NE of Old Faithful Geyser, Wyoming
33.49,-116.47,0.40,20km ESE of Anza, California
19.41,-155.64,0.70,24km ESE of Honaunau-Napoopoo, Hawaii
44.67,-110.48,1.10,35km NE of Old Faithful Geyser, Wyoming
35.54,-116.34,1.10,38km NW of Baker, California
63.02,-150.47,1.50,80km NNW of Talkeetna, Alaska
40.72,-124.22,1.80,2km WSW of Humboldt Hill, California
41.88,-119.65,2.80,67km ESE of Lakeview, Oregon
36.64,-98.45,3.70,15km SSW of Cherokee, Oklahoma
51.81,158.71,4.90,126km S of Vilyuchinsk, Russia
37.56,-119.02,1.30,10km SSW of Mammoth Lakes, California
58.48,-152.56,2.60,77km N of Kodiak, Alaska
19.44,-155.61,1.00,26km E of Honaunau-Napoopoo, Hawaii
49.29,-122.48,1.60,11km NE of Maple Ridge, Canada
61.38,-143.91,0.70,31km ESE of Chitina, Alaska
37.63,-119.04,0.20,5km WSW of Mammoth Lakes, California
32.67,-115.66,1.70,12km NW of Progreso, B.C., MX
36.64,-121.25,2.70,21km SSE of Ridgemark, California
33.70,-116.73,1.10,4km SSW of Idyllwild, California
41.87,-119.63,1.30,68km ESE of Lakeview, Oregon
41.89,-119.63,1.10,67km ESE of Lakeview, Oregon
34.16,-116.81,1.70,12km SSE of Big Bear City, California
59.64,-152.93,2.00,63km WSW of Anchor Point, Alaska
41.88,-119.63,1.60,68km ESE of Lakeview, Oregon
41.87,-119.63,2.50,69km ESE of Lakeview, Oregon
41.90,-119.63,2.20,66km ESE of Lakeview, Oregon
60.97,-151.62,1.70,35km NNW of Nikiski, Alaska
41.87,-119.62,3.40,70km ESE of Lakeview, Oregon
36.98,-117.53,0.30,63km NE of Lone Pine, California
36.64,-98.43,3.10,14km SSW of Cherokee, Oklahoma
61.72,-149.78,1.60,10km N of Houston, Alaska
41.87,-119.63,2.10,69km ESE of Lakeview, Oregon
38.81,-122.82,1.30,6km WNW of The Geysers, California
37.55,141.28,4.90,25km ENE of Namie, Japan
38.80,-122.77,0.90,3km NNW of The Geysers, California
61.99,-150.86,1.70,50km WNW of Willow, Alaska
41.90,-119.63,1.30,67km ESE of Lakeview, Oregon
46.26,-122.45,1.30,34km E of Castle Rock, Washington
40.42,-124.08,1.30,9km SSE of Rio Dell, California
41.89,-119.62,1.10,68km ESE of Lakeview, Oregon
36.48,-116.57,0.70,50km SSE of Beatty, Nevada
63.37,-151.22,1.70,113km W of Cantwell, Alaska
41.88,-119.65,1.00,67km ESE of Lakeview, Oregon
38.67,-118.56,0.50,17km NNE of Hawthorne, Nevada
39.41,-120.13,0.10,10km NNE of Truckee, California
41.90,-119.66,1.30,65km ESE of Lakeview, Oregon
64.46,-149.96,1.60,42km WSW of North Nenana, Alaska
6.46,123.86,4.40,20km W of Sangay, Philippines
46.25,-122.44,2.70,35km E of Castle Rock, Washington
33.28,-116.28,1.00,9km ENE of Borrego Springs, California
41.35,-122.62,1.10,20km WSW of Weed, California
38.83,-122.75,1.20,2km NW of Cobb, California
36.66,-98.46,4.70,13km SW of Cherokee, Oklahoma
-22.61,-66.71,5.10,105km W of Abra Pampa, Argentina
36.73,-116.23,-0.00,51km ESE of Beatty, Nevada
62.34,-151.27,1.40,59km W of Talkeetna, Alaska
39.82,-119.40,0.60,27km NNW of Fernley, Nevada
33.65,-116.71,0.30,10km S of Idyllwild, California
41.89,-119.61,1.00,69km ESE of Lakeview, Oregon
33.97,-117.23,2.30,5km N of Moreno Valley, California
59.33,-153.16,2.70,90km WSW of Anchor Point, Alaska
45.83,-111.39,0.50,5km SW of Manhattan, Montana
18.70,-66.96,2.70,23km NNE of Isabela, Puerto Rico
47.41,-113.10,0.80,38km NE of Seeley Lake, Montana
41.89,-119.64,1.40,67km ESE of Lakeview, Oregon
46.02,-111.48,0.80,15km NNE of Three Forks, Montana
41.87,-119.64,2.30,68km ESE of Lakeview, Oregon
19.29,-64.54,3.20,97km N of Road Town, British Virgin Islands
41.88,-119.61,1.30,69km ESE of Lakeview, Oregon
41.90,-119.61,1.40,68km ESE of Lakeview, Oregon
17.80,-66.93,2.60,19km S of Guanica, Puerto Rico
41.89,-119.66,1.30,66km ESE of Lakeview, Oregon
41.89,-119.61,1.10,69km ESE of Lakeview, Oregon
41.89,-119.63,1.50,68km ESE of Lakeview, Oregon
37.67,-118.84,0.40,11km ENE of Mammoth Lakes, California
35.89,-120.44,0.90,27km NE of San Miguel, California
41.87,-119.61,3.00,70km ESE of Lakeview, Oregon
41.87,-119.64,2.80,68km ESE of Lakeview, Oregon
41.88,-119.63,1.80,69km ESE of Lakeview, Oregon
41.90,-119.62,1.80,67km ESE of Lakeview, Oregon
19.33,-155.19,1.80,12km SSE of Volcano, Hawaii
41.89,-119.62,0.70,68km ESE of Lakeview, Oregon
41.89,-119.62,1.50,68km ESE of Lakeview, Oregon
41.90,-119.63,2.00,67km ESE of Lakeview, Oregon
41.87,-119.62,3.40,69km ESE of Lakeview, Oregon
41.88,-119.61,1.10,69km ESE of Lakeview, Oregon
41.88,-119.64,1.10,67km ESE of Lakeview, Oregon
37.34,-118.18,0.40,19km E of Bishop, California
41.88,-119.64,1.40,67km ESE of Lakeview, Oregon
-58.69,148.73,4.90,West of Macquarie Island
36.15,-118.06,0.70,15km NW of Coso Junction, California
41.89,-119.63,2.20,68km ESE of Lakeview, Oregon
41.88,-119.63,0.80,68km ESE of Lakeview, Oregon
43.77,-110.88,1.50,19km ENE of Driggs, Idaho
41.89,-119.62,0.90,68km ESE of Lakeview, Oregon
36.73,-116.11,0.00,59km N of Pahrump, Nevada
41.91,-119.64,1.50,66km ESE of Lakeview, Oregon
41.86,-119.61,2.10,71km ESE of Lakeview, Oregon
61.61,-149.69,1.80,5km WSW of Meadow Lakes, Alaska
18.90,-64.94,2.90,62km N of Charlotte Amalie, U.S. Virgin Islands
38.82,-122.83,1.00,8km NW of The Geysers, California
41.88,-119.60,0.80,70km ESE of Lakeview, Oregon
34.04,-117.25,0.90,2km SE of Loma Linda, California
61.10,-147.03,1.40,36km W of Valdez, Alaska
41.86,-119.62,1.30,70km ESE of Lakeview, Oregon
27.93,85.66,5.00,26km NNE of Nagarkot, Nepal
41.88,-119.64,1.30,67km ESE of Lakeview, Oregon
41.89,-119.63,1.10,67km ESE of Lakeview, Oregon
41.89,-119.64,1.00,67km ESE of Lakeview, Oregon
-32.62,-176.63,5.10,251km ESE of L'Esperance Rock, New Zealand
33.84,-117.82,1.80,3km N of Villa Park, California
41.88,-119.62,1.40,68km ESE of Lakeview, Oregon
36.29,-97.68,3.00,19km E of Waukomis, Oklahoma
47.64,-122.82,1.80,0km ESE of Seabeck, Washington
41.88,-119.61,1.30,69km ESE of Lakeview, Oregon
37.35,-114.63,1.20,30km SSW of Caliente, Nevada
41.87,-119.62,2.20,69km ESE of Lakeview, Oregon
41.88,-119.62,1.50,69km ESE of Lakeview, Oregon
41.90,-119.63,1.20,67km ESE of Lakeview, Oregon
41.89,-119.64,1.30,67km ESE of Lakeview, Oregon
64.64,-149.32,0.70,12km NW of North Nenana, Alaska
18.15,-67.86,3.10,67km WSW of Rincon, Puerto Rico
41.89,-119.62,1.30,68km ESE of Lakeview, Oregon
41.87,-119.63,1.60,69km ESE of Lakeview, Oregon
41.86,-119.62,2.10,70km ESE of Lakeview, Oregon
33.30,-115.77,1.20,7km SSW of Bombay Beach, California
41.89,-119.62,1.40,68km ESE of Lakeview, Oregon
18.68,-66.96,2.40,20km NNE of Isabela, Puerto Rico
33.30,-115.76,1.00,6km SSW of Bombay Beach, California
41.88,-119.61,1.70,70km ESE of Lakeview, Oregon
33.85,-116.50,0.40,4km NE of Palm Springs, California
41.87,-119.62,1.60,70km ESE of Lakeview, Oregon
36.19,-117.88,0.60,15km SE of Olancha, California
33.85,-116.50,0.80,4km NE of Palm Springs, California
41.89,-119.62,1.70,68km ESE of Lakeview, Oregon
41.90,-119.62,1.10,68km ESE of Lakeview, Oregon
60.25,-140.91,1.30,86km ENE of Cape Yakataga, Alaska
41.90,-119.62,1.40,68km ESE of Lakeview, Oregon
41.88,-119.61,1.40,70km ESE of Lakeview, Oregon
41.90,-119.63,1.20,67km ESE of Lakeview, Oregon
41.87,-119.62,2.70,69km ESE of Lakeview, Oregon
41.87,-119.63,2.50,69km ESE of Lakeview, Oregon
41.89,-119.62,0.80,68km ESE of Lakeview, Oregon
41.89,-119.62,0.70,69km ESE of Lakeview, Oregon
41.88,-119.63,1.20,69km ESE of Lakeview, Oregon
33.47,-116.57,0.40,13km SE of Anza, California
41.89,-119.63,1.50,68km ESE of Lakeview, Oregon
41.87,-119.62,1.70,69km ESE of Lakeview, Oregon
41.88,-119.63,2.60,68km ESE of Lakeview, Oregon
41.89,-119.62,1.70,68km ESE of Lakeview, Oregon
41.89,-119.62,1.50,68km ESE of Lakeview, Oregon
41.91,-119.63,1.60,66km ESE of Lakeview, Oregon
41.87,-119.62,1.80,69km ESE of Lakeview, Oregon
41.87,-119.62,4.00,69km ESE of Lakeview, Oregon
41.89,-119.63,1.70,67km ESE of Lakeview, Oregon
41.87,-119.63,2.10,69km ESE of Lakeview, Oregon
41.87,-119.62,4.20,70km ESE of Lakeview, Oregon
61.48,-146.48,1.30,39km N of Valdez, Alaska
41.89,-119.63,0.90,68km ESE of Lakeview, Oregon
38.84,-122.84,0.90,10km W of Cobb, California
41.32,-122.62,1.60,22km WSW of Weed, California
35.57,-116.24,0.60,36km NNW of Baker, California
38.76,-122.73,1.20,2km SE of The Geysers, California
38.76,-122.73,0.90,2km SE of The Geysers, California
37.52,-119.32,0.90,33km WSW of Mammoth Lakes, California
38.08,-119.02,1.00,27km SE of Bridgeport, California
33.52,-116.56,0.40,11km ESE of Anza, California
65.01,-147.33,1.80,25km NNE of Badger, Alaska
33.50,-116.49,0.80,18km ESE of Anza, California
33.85,-117.49,1.60,Quarry Blast - 4km SE of Home Gardens, California
63.12,-148.97,2.20,30km S of Cantwell, Alaska
33.60,-116.74,0.70,8km NW of Anza, California
34.04,-117.26,1.20,0km S of Loma Linda, California
38.55,-122.44,2.00,2km S of Angwin, California
38.82,-122.83,2.10,8km NW of The Geysers, California
38.84,-122.78,0.70,5km WNW of Cobb, California
35.00,-118.20,1.10,Quarry Blast - 6km SSW of Mojave, California
63.01,-149.19,1.20,43km SSW of Cantwell, Alaska
60.45,-147.40,2.10,78km ESE of Whittier, Alaska
37.53,-118.79,0.20,20km SE of Mammoth Lakes, California
64.85,-148.71,1.10,33km W of Ester, Alaska
2.69,127.83,4.50,108km N of Tobelo, Indonesia
33.85,-117.49,1.20,Quarry Blast - 4km SE of Home Gardens, California
36.70,-116.32,0.00,45km ESE of Beatty, Nevada
36.70,-116.31,0.00,46km ESE of Beatty, Nevada
36.70,-116.31,0.00,46km ESE of Beatty, Nevada
60.93,-151.11,1.70,28km NNE of Nikiski, Alaska
39.85,77.06,4.00,83km ENE of Arzak, China
35.01,-118.97,1.10,8km NNW of Grapevine, California
33.68,-117.22,0.80,Quarry Blast - 9km SW of Menifee, California
31.28,129.02,4.60,123km W of Makurazaki, Japan
38.82,-122.78,0.50,4km W of Cobb, California
38.82,-122.81,0.60,6km NW of The Geysers, California
53.52,-165.23,4.10,77km SSE of Akutan, Alaska
38.83,-119.70,1.20,7km SSE of Gardnerville Ranchos, Nevada
33.46,-116.57,0.60,15km SE of Anza, California
37.24,-121.61,1.50,12km NNE of Morgan Hill, California
-9.04,158.51,5.10,123km SSW of Dadali, Solomon Islands
33.45,-116.57,0.50,15km SE of Anza, California
37.07,-117.94,1.40,32km ESE of Big Pine, California
35.80,-97.25,2.60,16km S of Langston, Oklahoma
41.85,-119.60,1.30,72km ESE of Lakeview, Oregon
18.17,-65.92,1.80,5km ESE of San Lorenzo, Puerto Rico
-8.93,158.41,7.00,118km SW of Dadali, Solomon Islands
38.73,20.60,4.60,10km WNW of Nidri, Greece
41.89,-119.63,1.40,68km ESE of Lakeview, Oregon
60.32,-141.36,1.50,65km ENE of Cape Yakataga, Alaska
40.40,-121.36,0.60,15km NW of Chester, California
37.37,-118.61,1.00,14km W of West Bishop, California
19.43,-155.60,0.40,27km E of Honaunau-Napoopoo, Hawaii
61.03,-140.38,1.40,155km NE of Cape Yakataga, Alaska
48.20,-119.67,1.80,14km NE of Brewster, Washington
35.81,-97.27,3.00,15km S of Langston, Oklahoma
38.66,-118.54,0.80,16km NNE of Hawthorne, Nevada
38.65,-118.55,1.80,15km NNE of Hawthorne, Nevada
33.60,-116.72,-0.00,6km NW of Anza, California
37.07,-117.94,2.00,32km ESE of Big Pine, California
64.47,-149.48,0.40,21km WSW of North Nenana, Alaska
35.31,-118.54,1.60,22km NNW of Tehachapi, California
64.76,-149.18,0.40,20km N of North Nenana, Alaska
33.60,-116.72,0.10,6km NW of Anza, California
36.15,-118.05,1.10,15km SSW of Olancha, California
64.37,-148.17,1.20,50km ESE of North Nenana, Alaska
36.03,-120.58,0.20,23km WSW of Coalinga, California
-6.30,103.70,5.00,112km SSW of Biha, Indonesia
36.73,-116.29,-0.00,46km ESE of Beatty, Nevada
19.49,-155.67,0.80,20km ENE of Honaunau-Napoopoo, Hawaii
34.17,-116.81,1.00,10km SSE of Big Bear City, California
38.81,-122.82,0.30,6km NW of The Geysers, California
19.42,-155.61,1.30,26km E of Honaunau-Napoopoo, Hawaii
62.08,-149.55,1.60,17km ESE of Y, Alaska
63.30,-149.04,0.70,11km SSW of Cantwell, Alaska
34.17,-117.42,0.90,6km SSW of Devore, California
37.64,-118.81,0.30,14km E of Mammoth Lakes, California
63.27,-153.33,1.70,119km ENE of McGrath, Alaska
63.05,-150.65,2.00,85km NNW of Talkeetna, Alaska
47.67,-120.12,0.50,4km NW of Waterville, Washington
46.20,-122.18,1.30,38km NNE of Amboy, Washington
38.82,-122.77,1.60,3km W of Cobb, California
41.89,-119.62,0.90,69km ESE of Lakeview, Oregon
56.54,-156.45,2.90,94km NNW of Chirikof Island, Alaska
46.20,-122.18,1.20,38km NNE of Amboy, Washington
46.54,-121.61,2.70,8km SSE of Packwood, Washington
61.77,-150.00,1.50,3km NE of Willow, Alaska
38.84,-122.80,0.90,6km WNW of Cobb, California
39.32,-119.98,-0.00,7km N of Incline Village, Nevada
63.56,-147.64,1.90,68km ENE of Cantwell, Alaska
63.60,-147.86,2.40,58km ENE of Cantwell, Alaska
38.84,-122.83,1.10,9km WNW of Cobb, California
33.40,-116.38,0.70,16km N of Borrego Springs, California
36.75,-120.84,2.10,28km SW of South Dos Palos, California
19.31,-155.22,1.80,13km S of Volcano, Hawaii
41.88,-119.60,1.50,70km ESE of Lakeview, Oregon
63.37,-150.22,1.50,63km W of Cantwell, Alaska
19.41,-155.64,0.60,24km ESE of Honaunau-Napoopoo, Hawaii
38.81,-122.80,0.70,5km NW of The Geysers, California
38.76,20.50,4.90,18km WSW of Lefkada, Greece
38.29,-118.64,0.40,26km S of Hawthorne, Nevada
37.29,-97.62,1.60,11km S of Conway Springs, Kansas
33.66,-116.78,0.60,10km SSW of Idyllwild, California
38.85,-122.80,0.90,7km WNW of Cobb, California
64.50,-146.71,0.40,9km ESE of Salcha, Alaska
63.11,-151.50,0.90,112km NW of Talkeetna, Alaska
38.87,20.56,5.10,12km WNW of Lefkada, Greece
36.13,-97.64,3.70,19km N of Crescent, Oklahoma
62.21,-150.52,1.50,24km WSW of Talkeetna, Alaska
58.16,-151.42,2.40,71km NE of Kodiak, Alaska
37.16,-97.82,2.10,18km E of Anthony, Kansas
60.21,-141.55,1.50,51km ENE of Cape Yakataga, Alaska
38.84,-122.83,2.30,9km WNW of Cobb, California
61.98,-147.80,2.80,58km ENE of Sutton-Alpine, Alaska
37.09,-116.09,-0.00,63km ENE of Beatty, Nevada
36.59,-117.96,0.60,9km ESE of Lone Pine, California
33.77,-116.91,0.50,3km NNW of Valle Vista, California
37.90,-109.10,2.10,21km E of Monticello, Utah
35.11,-117.52,2.30,17km NE of Boron, California
48.80,-112.41,2.80,20km NNW of Cut Bank, Montana
37.44,-113.12,1.40,25km NE of Toquerville, Utah
19.11,-68.23,2.90,61km NNE of Punta Cana, Dominican Republic
-4.65,103.63,5.00,45km NNW of Kuripan, Indonesia
37.84,29.42,4.20,15km NE of Honaz, Turkey
60.61,-144.71,1.80,57km E of Cordova, Alaska
38.80,-122.77,1.40,2km NNW of The Geysers, California
64.88,-150.77,1.10,14km SSW of Manley Hot Springs, Alaska
38.80,-122.77,2.60,2km NNW of The Geysers, California
42.75,-122.06,1.90,48km S of Diamond Lake, Oregon
61.70,-147.59,2.20,67km E of Sutton-Alpine, Alaska
19.80,-156.15,2.80,19km WNW of Kalaoa, Hawaii
34.04,-117.26,1.70,0km S of Loma Linda, California
18.54,-68.26,3.20,16km ESE of Punta Cana, Dominican Republic
41.34,-124.55,3.20,49km NW of Westhaven-Moonstone, California
33.48,-116.49,0.60,19km ESE of Anza, California
37.54,-117.71,0.90,46km WSW of Goldfield, Nevada
36.63,-117.14,0.40,45km SW of Beatty, Nevada
36.71,-116.25,-0.00,50km ESE of Beatty, Nevada
38.81,-122.82,0.90,6km NW of The Geysers, California
38.81,-122.81,1.80,6km NW of The Geysers, California
36.64,-117.14,-0.00,44km SW of Beatty, Nevada
33.48,-116.49,0.50,19km ESE of Anza, California
37.53,-117.71,1.40,46km WSW of Goldfield, Nevada
41.87,-119.63,1.60,68km ESE of Lakeview, Oregon
36.54,-116.19,0.00,41km NNW of Pahrump, Nevada
63.29,-149.35,1.40,23km WSW of Cantwell, Alaska
61.28,-151.32,1.80,66km N of Nikiski, Alaska
33.67,-116.69,0.50,9km SSE of Idyllwild, California
64.70,-149.12,1.50,14km N of North Nenana, Alaska
60.23,-141.17,1.40,72km ENE of Cape Yakataga, Alaska
62.41,-149.21,1.80,43km NE of Y, Alaska
36.70,-116.32,0.10,45km ESE of Beatty, Nevada
19.64,-63.62,3.10,168km NNW of The Valley, Anguilla
39.40,-120.17,0.40,8km N of Truckee, California
40.45,-116.57,2.60,37km SE of Battle Mountain, Nevada
19.39,-155.28,1.80,6km SW of Volcano, Hawaii
37.52,-117.71,0.60,47km WSW of Goldfield, Nevada
64.72,-150.70,1.40,31km S of Manley Hot Springs, Alaska
39.08,-119.65,0.30,7km ENE of Johnson Lane, Nevada
-19.35,-69.22,4.60,132km SSE of Putre, Chile
36.79,-121.50,1.60,7km SSE of San Juan Bautista, California
19.40,-155.62,0.60,26km ESE of Honaunau-Napoopoo, Hawaii
64.47,-148.95,0.50,14km SSE of North Nenana, Alaska
36.70,-116.32,0.50,45km ESE of Beatty, Nevada
38.59,20.36,4.70,32km WSW of Nidri, Greece
36.44,-117.90,1.00,20km NNE of Olancha, California
37.96,-112.94,1.40,16km NW of Parowan, Utah
37.74,-121.96,1.90,4km SSE of San Ramon, California
34.17,-117.44,1.10,7km SSW of Devore, California
37.51,-116.56,0.20,63km ESE of Goldfield, Nevada
34.17,-117.44,1.60,6km SW of Devore, California
34.18,-117.43,0.90,6km SSW of Devore, California
34.18,-117.44,3.40,6km SSW of Devore, California
34.17,-117.44,2.60,6km SSW of Devore, California
34.17,-117.44,1.80,6km SSW of Devore, California
31.33,129.05,5.10,120km W of Makurazaki, Japan
38.92,-119.58,1.30,14km ENE of Gardnerville Ranchos, Nevada
38.78,-122.78,0.90,2km WNW of The Geysers, California
2.75,125.70,4.80,155km NNE of Bitung, Indonesia
37.79,-121.97,1.30,1km NE of San Ramon, California
36.70,-116.30,-0.00,46km ESE of Beatty, Nevada
18.77,-66.97,2.40,30km N of Isabela, Puerto Rico
45.09,-111.91,1.10,23km S of Virginia City, Montana
39.08,-119.64,0.50,8km ENE of Johnson Lane, Nevada
36.70,-116.31,-0.00,46km ESE of Beatty, Nevada
32.93,-80.19,1.20,7km SSW of Centerville, South Carolina
38.84,-122.83,1.70,9km WNW of Cobb, California
36.76,-97.76,2.90,5km SSW of Medford, Oklahoma
36.70,-116.31,0.10,46km ESE of Beatty, Nevada
60.15,-150.34,1.40,48km SSE of Sterling, Alaska
37.49,-117.94,0.40,42km ENE of Bishop, California
37.41,-118.73,0.60,24km WNW of West Bishop, California
-24.19,-70.36,4.00,59km S of Antofagasta, Chile
44.61,-110.65,0.50,22km NE of Old Faithful Geyser, Wyoming
-6.48,130.29,5.40,198km NW of Saumlaki, Indonesia
58.27,-150.98,2.20,99km ENE of Kodiak, Alaska
18.63,-66.04,2.50,19km NNE of San Juan, Puerto Rico
37.50,-118.82,0.40,20km SE of Mammoth Lakes, California
39.08,-119.63,1.30,8km ENE of Johnson Lane, Nevada
42.20,-71.40,1.50,2km ESE of Holliston, Massachusetts
36.54,-121.14,1.50,21km NE of Soledad, California
36.50,70.38,4.30,47km E of Farkhar, Afghanistan
61.61,-150.98,2.00,52km WSW of Willow, Alaska
60.79,-140.44,1.80,136km NE of Cape Yakataga, Alaska
60.79,-140.44,1.80,136km NE of Cape Yakataga, Alaska
19.39,-155.28,2.20,6km SW of Volcano, Hawaii
60.74,-147.40,1.90,69km E of Whittier, Alaska
37.04,-97.92,2.20,15km SE of Anthony, Kansas
51.38,-178.21,4.70,56km S of Tanaga Volcano, Alaska
51.16,-178.21,4.40,63km E of Amatignak Island, Alaska
19.42,-155.61,0.90,26km E of Honaunau-Napoopoo, Hawaii
50.11,19.22,4.00,1km E of Chelm Slaski, Poland
38.05,-118.65,1.50,52km NNE of Mammoth Lakes, California
36.11,-120.21,2.10,13km NNW of Avenal, California
36.04,-116.12,-0.00,22km SSW of Pahrump, Nevada
33.27,-116.77,1.10,4km NNW of Lake Henshaw, California
32.17,95.02,4.70,80km NNW of Gyamotang, China
62.37,-149.15,1.50,43km ENE of Y, Alaska
63.50,-148.99,1.30,12km N of Cantwell, Alaska
38.83,-122.86,0.80,10km WNW of The Geysers, California
36.51,-120.60,2.10,33km SW of Mendota, California
61.62,-147.56,1.30,70km ESE of Sutton-Alpine, Alaska
33.41,-116.35,1.60,17km N of Borrego Springs, California
43.43,-121.81,1.20,Explosion - 36km SW of La Pine, Oregon
38.85,20.51,4.10,16km W of Lefkada, Greece
41.88,-119.61,1.10,69km ESE of Lakeview, Oregon
61.68,-147.58,3.80,68km E of Sutton-Alpine, Alaska
33.87,-117.49,0.80,Quarry Blast - 2km ESE of Home Gardens, California
33.47,-116.42,0.60,24km SSW of La Quinta, California
33.47,-116.58,1.30,13km SE of Anza, California
33.32,-116.33,1.00,8km NNE of Borrego Springs, California
65.20,-149.05,1.40,62km NW of Ester, Alaska
62.70,-151.77,1.60,95km WNW of Talkeetna, Alaska
33.32,-116.34,1.90,8km NNE of Borrego Springs, California
63.44,-149.00,1.70,5km NNW of Cantwell, Alaska
46.00,-112.46,1.90,Quarry Blast - 6km E of Butte, Montana
40.41,73.01,4.10,21km SE of Osh, Kyrgyzstan
19.43,-155.60,1.10,27km E of Honaunau-Napoopoo, Hawaii
61.63,-141.27,1.60,168km E of Chitina, Alaska
38.72,20.49,4.30,18km W of Nidri, Greece
33.54,-116.41,0.60,16km SW of La Quinta, California
61.55,-151.28,2.40,69km WSW of Willow, Alaska
61.03,-151.36,2.20,37km N of Nikiski, Alaska
35.82,-119.52,2.60,8km SSW of Alpaugh, California
50.21,-177.28,2.90,174km SE of Amatignak Island, Alaska
60.39,-143.15,1.60,53km NW of Cape Yakataga, Alaska
36.93,-98.13,2.50,25km SSW of Anthony, Kansas
46.86,-121.75,0.90,29km NNW of Packwood, Washington
33.98,-117.03,0.90,2km ESE of Calimesa, California
-21.02,-68.66,4.20,162km N of Calama, Chile
33.27,-116.27,1.30,10km E of Borrego Springs, California
40.45,73.03,4.80,20km ESE of Osh, Kyrgyzstan
40.39,73.21,5.50,21km WNW of Gul'cha, Kyrgyzstan
18.43,-67.26,2.70,9km NW of Aguada, Puerto Rico
36.76,-116.14,-0.00,57km ESE of Beatty, Nevada
33.27,-116.27,1.70,10km E of Borrego Springs, California
33.28,-116.27,1.10,10km ENE of Borrego Springs, California
38.82,-122.77,1.60,3km W of Cobb, California
36.37,-97.13,3.10,16km ENE of Perry, Oklahoma
51.79,-176.62,2.50,10km SSE of Adak, Alaska
37.28,-117.87,0.20,39km ENE of Big Pine, California
33.41,-116.35,1.30,17km N of Borrego Springs, California
53.63,-165.78,2.50,56km ESE of Unalaska, Alaska
19.48,-155.66,1.30,21km E of Honaunau-Napoopoo, Hawaii
30.32,138.41,4.20,Izu Islands, Japan region
36.82,-116.00,-0.00,67km N of Pahrump, Nevada
36.82,-116.00,0.20,67km N of Pahrump, Nevada
36.42,-98.23,2.60,14km SSE of Helena, Oklahoma
18.26,-68.15,3.30,44km SE of Punta Cana, Dominican Republic
36.78,-121.50,1.80,7km SSE of San Juan Bautista, California
19.45,-155.22,1.70,2km NE of Volcano, Hawaii
38.80,-122.76,1.20,2km NNW of The Geysers, California
37.27,-117.88,0.30,38km ENE of Big Pine, California
33.67,-116.78,0.50,10km SSW of Idyllwild, California
64.68,-149.07,0.90,11km NNE of North Nenana, Alaska
63.55,-147.64,1.80,67km ENE of Cantwell, Alaska
-30.70,-71.50,4.50,30km WSW of Ovalle, Chile
33.47,-116.57,0.60,13km SE of Anza, California
39.08,-119.64,-0.00,8km ENE of Johnson Lane, Nevada
60.09,-152.20,2.20,40km NNW of Anchor Point, Alaska
44.68,-109.99,1.80,70km ENE of Old Faithful Geyser, Wyoming
44.68,-110.01,2.70,69km ENE of Old Faithful Geyser, Wyoming
1.57,126.49,4.80,130km NW of Kota Ternate, Indonesia
34.37,-117.80,1.00,14km S of Llano, California
64.64,-149.29,1.50,10km NW of North Nenana, Alaska
38.77,20.52,4.70,17km WSW of Lefkada, Greece
38.77,-122.72,1.00,3km E of The Geysers, California
19.22,-155.44,2.90,4km ENE of Pahala, Hawaii
62.21,-150.97,1.70,46km WSW of Talkeetna, Alaska
35.61,-120.87,1.80,13km S of Lake Nacimiento, California
33.17,-116.23,1.00,10km WNW of Ocotillo Wells, California
36.56,-121.08,2.00,26km ENE of Soledad, California
38.74,20.48,4.70,19km W of Nidri, Greece
38.81,-122.82,0.40,7km WNW of The Geysers, California
38.81,-122.82,2.00,6km NW of The Geysers, California
38.55,20.43,4.20,30km SW of Nidri, Greece
45.27,-112.58,0.80,7km NE of Dillon, Montana
14.80,-92.34,4.50,12km SSW of Tapachula, Mexico
59.92,-151.59,1.50,20km NE of Anchor Point, Alaska
46.29,-112.11,1.20,6km N of Boulder, Montana
36.56,-121.08,1.40,26km NE of Soledad, California
37.95,-122.32,2.00,1km NNW of East Richmond Heights, California
36.55,-121.07,2.50,26km ENE of Soledad, California
19.43,-155.62,1.30,25km E of Honaunau-Napoopoo, Hawaii
44.76,-111.12,0.40,10km N of West Yellowstone, Montana
38.82,-122.85,0.70,9km WNW of The Geysers, California
36.55,-121.08,2.60,26km ENE of Soledad, California
44.76,-111.10,0.80,11km N of West Yellowstone, Montana
36.03,-117.82,0.50,12km E of Coso Junction, California
53.40,170.44,4.70,194km WNW of Attu Station, Alaska
38.83,-122.80,0.80,6km W of Cobb, California
62.54,-151.30,3.30,65km WNW of Talkeetna, Alaska
38.81,-122.84,1.10,7km WNW of The Geysers, California
37.64,-118.85,0.40,10km E of Mammoth Lakes, California
62.91,-150.18,1.90,65km N of Talkeetna, Alaska
32.11,-116.43,2.20,32km NE of Ensenada, B.C., MX
36.03,-117.82,1.20,12km E of Coso Junction, California
38.82,-122.85,1.60,9km WNW of The Geysers, California
38.83,-122.85,2.80,9km NW of The Geysers, California
34.19,-117.41,1.10,4km S of Devore, California
39.72,-121.16,0.50,22km ENE of Berry Creek, California
38.82,-122.86,0.60,10km WNW of The Geysers, California
36.57,71.17,4.20,34km WSW of Ashkasham, Afghanistan
38.82,-122.86,1.10,10km WNW of The Geysers, California
62.65,-149.48,2.00,48km NE of Talkeetna, Alaska
61.08,-150.31,2.00,27km SW of Anchorage, Alaska
38.82,-122.85,1.90,9km WNW of The Geysers, California
38.16,-118.22,0.90,53km SE of Hawthorne, Nevada
37.38,-118.48,1.30,3km NW of West Bishop, California
43.40,-110.41,1.30,30km ESE of Jackson, Wyoming
38.82,-122.80,1.10,6km W of Cobb, California
61.06,-146.50,1.60,11km SW of Valdez, Alaska
63.56,-150.76,1.60,92km WNW of Cantwell, Alaska
38.77,20.54,5.40,15km WSW of Lefkada, Greece
38.81,-122.81,1.00,6km WNW of The Geysers, California
39.09,-119.64,0.40,7km ENE of Johnson Lane, Nevada
38.79,-122.77,0.60,1km NW of The Geysers, California
60.20,-152.60,2.00,32km SSE of Redoubt Volcano, Alaska
40.29,-121.99,2.40,24km ENE of Red Bluff, California
63.14,-151.33,2.00,110km NW of Talkeetna, Alaska
18.41,-68.99,3.50,3km SW of La Romana, Dominican Republic
33.28,-116.27,1.00,10km ENE of Borrego Springs, California
63.33,-150.00,1.90,53km W of Cantwell, Alaska
61.39,-149.17,1.30,18km SSW of Butte, Alaska
19.32,-155.14,1.40,15km SE of Volcano, Hawaii
63.86,-148.51,1.50,22km E of Healy, Alaska
36.03,-117.77,0.20,16km E of Coso Junction, California
38.75,20.55,6.50,14km WNW of Nidri, Greece
63.30,-151.22,1.30,114km W of Cantwell, Alaska
33.97,-117.17,1.20,7km NE of Moreno Valley, California
18.92,-67.36,3.30,55km NNW of San Antonio, Puerto Rico
33.27,-116.27,1.60,10km E of Borrego Springs, California
38.14,-122.18,1.70,8km ENE of Vallejo, California
35.73,-121.08,1.00,13km NE of San Simeon, California
19.43,-155.63,2.30,25km E of Honaunau-Napoopoo, Hawaii
-2.29,-79.27,4.90,13km NNE of La Troncal, Ecuador
-24.08,-66.98,4.50,68km WNW of San Antonio de los Cobres, Argentina
36.76,-116.28,-0.00,46km ESE of Beatty, Nevada
39.79,-119.74,0.20,15km N of Spanish Springs, Nevada
39.39,-120.21,0.10,7km NNW of Truckee, California
38.82,-122.76,1.20,3km W of Cobb, California
45.61,-111.53,1.00,26km W of Four Corners, Montana
64.41,-149.79,0.90,37km WSW of North Nenana, Alaska
33.59,-116.81,0.60,14km WNW of Anza, California
61.77,-148.57,0.80,15km E of Sutton-Alpine, Alaska
33.53,-116.73,1.10,6km WSW of Anza, California
60.07,-141.05,1.40,77km E of Cape Yakataga, Alaska
38.82,-122.83,0.90,8km NW of The Geysers, California
17.82,-65.20,2.50,42km SE of Esperanza, Puerto Rico
64.99,-147.32,1.50,23km NNE of Badger, Alaska
54.18,-161.55,2.80,134km SE of Cold Bay, Alaska
38.84,-122.83,0.60,9km W of Cobb, California
60.15,-152.35,1.80,42km SSE of Redoubt Volcano, Alaska
39.08,-119.64,0.20,7km ENE of Johnson Lane, Nevada
34.19,-117.41,1.20,4km SSW of Devore, California
37.75,-121.94,1.30,4km SE of San Ramon, California
41.21,-116.40,1.30,60km NNW of Carlin, Nevada
39.09,-119.63,1.20,8km ENE of Johnson Lane, Nevada
61.32,-150.05,2.10,13km NW of Anchorage, Alaska
44.40,-110.60,1.30,19km ESE of Old Faithful Geyser, Wyoming
19.43,-155.61,0.80,27km E of Honaunau-Napoopoo, Hawaii
19.36,-67.86,3.30,103km NNE of Punta Cana, Dominican Republic
44.44,-114.09,2.40,13km ESE of Challis, Idaho
60.36,-152.19,1.70,33km ESE of Redoubt Volcano, Alaska
38.82,-122.85,1.40,9km WNW of The Geysers, California
38.82,-122.84,2.30,9km WNW of The Geysers, California
64.85,-147.33,0.80,11km ENE of Badger, Alaska
33.21,-116.07,1.60,10km NE of Ocotillo Wells, California
38.82,-122.81,1.60,6km NW of The Geysers, California
39.08,-119.63,0.50,8km ENE of Johnson Lane, Nevada
38.81,-122.79,0.70,4km NW of The Geysers, California
36.02,-117.80,0.40,13km NE of Little Lake, California
34.02,-117.23,1.20,4km SE of Loma Linda, California
38.81,-122.81,2.00,6km NW of The Geysers, California
61.50,-146.75,1.60,45km NNW of Valdez, Alaska
18.29,-64.87,2.90,8km SE of Charlotte Amalie, U.S. Virgin Islands
60.12,-140.73,1.80,85km NW of Yakutat, Alaska
35.04,-117.65,1.80,Quarry Blast - 5km N of Boron, California
18.22,-67.36,2.20,16km SW of Stella, Puerto Rico
-10.14,167.22,4.70,164km ENE of Lata, Solomon Islands
46.17,-122.86,1.40,Explosion - 4km ENE of Kelso, Washington
36.70,-116.32,-0.00,45km ESE of Beatty, Nevada
39.08,-119.10,1.30,11km NNE of Yerington, Nevada
60.96,-149.60,1.40,33km SSE of Anchorage, Alaska
35.97,-120.52,1.10,24km SW of Coalinga, California
35.97,-120.52,1.10,23km SW of Coalinga, California
38.80,-122.74,0.50,2km SSW of Cobb, California
61.96,-151.03,2.00,57km WNW of Willow, Alaska
19.42,-155.61,0.60,27km E of Honaunau-Napoopoo, Hawaii
19.00,-65.98,2.90,60km NNE of San Juan, Puerto Rico
60.34,-151.40,1.70,5km SW of Cohoe, Alaska
39.08,-119.63,1.00,8km ENE of Johnson Lane, Nevada
39.09,-119.63,0.30,8km ENE of Johnson Lane, Nevada
39.08,-119.63,0.30,8km ENE of Johnson Lane, Nevada
39.08,-119.63,2.40,8km ENE of Johnson Lane, Nevada
46.85,-121.75,0.40,27km NNW of Packwood, Washington
19.56,-155.69,2.20,20km ENE of Honaunau-Napoopoo, Hawaii
60.94,-150.59,2.90,46km NNE of Sterling, Alaska
38.81,-122.80,1.00,5km NW of The Geysers, California
38.81,-122.80,2.30,5km NW of The Geysers, California
46.62,-119.85,-0.00,8km SE of Desert Aire, Washington
58.29,-155.61,3.20,75km SE of King Salmon, Alaska
46.38,-122.32,1.20,Explosion - 20km S of Morton, Washington
-51.87,28.97,4.70,South of Africa
38.80,-122.77,1.20,3km NNW of The Geysers, California
38.82,-122.82,0.90,7km NW of The Geysers, California
33.90,-116.93,1.00,5km SE of Beaumont, California
37.62,-118.87,0.90,9km ESE of Mammoth Lakes, California
-5.91,129.98,4.50,269km NNW of Saumlaki, Indonesia
37.53,143.55,4.40,220km ESE of Ishinomaki, Japan
62.25,-148.78,1.00,50km N of Sutton-Alpine, Alaska
38.84,-122.83,0.90,9km WNW of Cobb, California
-30.28,-72.07,5.00,78km WSW of Coquimbo, Chile
34.64,-117.11,1.60,Quarry Blast - 17km NNE of Apple Valley, California
38.82,-122.84,1.40,9km NW of The Geysers, California
61.64,-146.94,1.60,65km NNW of Valdez, Alaska
38.79,-122.74,0.80,2km ENE of The Geysers, California
34.02,-117.21,0.90,5km SW of Redlands, California
46.43,-119.28,0.80,15km NNE of West Richland, Washington
37.78,-121.98,2.20,0km NNE of San Ramon, California
36.59,-121.01,0.80,33km ENE of Soledad, California
19.44,-155.49,1.10,25km N of Pahala, Hawaii
33.83,-116.80,1.10,10km S of Cabazon, California
34.32,-116.93,1.50,Quarry Blast - 9km N of Big Bear Lake, California
38.82,-122.78,0.90,4km W of Cobb, California
38.83,-122.80,0.70,6km W of Cobb, California
62.30,-151.26,1.80,59km W of Talkeetna, Alaska
37.64,-118.85,1.20,10km E of Mammoth Lakes, California
35.97,-120.53,1.90,24km SW of Coalinga, California
38.83,-122.80,0.80,6km W of Cobb, California
47.72,-113.83,1.10,25km E of Polson, Montana
62.38,-150.21,2.30,8km NW of Talkeetna, Alaska
60.47,-142.27,1.20,45km N of Cape Yakataga, Alaska
36.58,-120.55,2.90,24km SW of Mendota, California
33.41,-116.34,1.40,18km N of Borrego Springs, California
63.67,-148.19,0.80,43km ESE of Healy, Alaska
38.37,57.15,4.20,25km WSW of Baherden, Turkmenistan
62.07,-145.17,1.20,20km ESE of Glennallen, Alaska
60.01,-152.67,2.50,53km WNW of Anchor Point, Alaska
48.30,154.28,5.90,296km SSW of Severo-Kuril'sk, Russia
38.84,-122.88,0.60,12km ENE of Cloverdale, California
-24.89,-175.93,5.00,South of Tonga
64.44,-147.20,0.30,16km WSW of Salcha, Alaska
37.16,-97.83,2.30,18km E of Anthony, Kansas
38.17,-118.83,1.50,36km ESE of Bridgeport, California
40.86,28.75,4.40,15km SSE of Yakuplu, Turkey
39.08,-119.63,0.80,8km ENE of Johnson Lane, Nevada
38.81,-122.82,0.60,7km WNW of The Geysers, California
19.17,-155.48,1.80,3km S of Pahala, Hawaii
36.48,-98.23,2.60,8km SSE of Helena, Oklahoma
37.64,-118.85,1.60,10km E of Mammoth Lakes, California
-31.83,-72.06,4.60,87km WSW of Illapel, Chile
46.20,-122.18,0.40,38km NNE of Amboy, Washington
64.77,-149.08,0.60,20km N of North Nenana, Alaska
63.54,-149.70,1.80,41km WNW of Cantwell, Alaska
36.89,-113.41,1.40,27km SSE of Washington, Utah
36.48,-89.55,2.30,11km S of New Madrid, Missouri
38.84,-122.83,1.10,9km WNW of Cobb, California
33.21,-83.35,2.60,13km SSE of Eatonton, Georgia
60.70,-147.60,1.50,59km E of Whittier, Alaska
20.02,-155.80,2.80,8km N of Waikoloa, Hawaii
61.52,-151.85,2.00,96km NNW of Nikiski, Alaska
36.06,-120.62,1.30,25km WSW of Coalinga, California
36.34,-89.50,1.10,4km SSW of Tiptonville, Tennessee
40.38,-123.76,1.90,28km N of Redway, California
8.43,-77.11,4.60,20km ESE of Acandi, Colombia
45.48,-112.40,0.80,34km NNE of Dillon, Montana
19.43,-155.60,0.50,27km E of Honaunau-Napoopoo, Hawaii
-31.38,-68.68,3.60,16km WNW of Albardon, Argentina
40.42,-119.69,1.60,31km SW of Gerlach-Empire, Nevada
38.14,-122.28,1.30,4km NNW of Vallejo, California
64.82,-148.30,0.40,13km WSW of Ester, Alaska
39.09,-119.63,0.80,8km ENE of Johnson Lane, Nevada
38.65,-118.80,2.60,20km NW of Hawthorne, Nevada
61.17,-151.52,2.10,54km NNW of Nikiski, Alaska
61.41,-151.17,3.20,65km W of Big Lake, Alaska
40.41,-121.55,0.30,29km WNW of Chester, California
-26.43,67.83,5.10,Indian Ocean Triple Junction
38.82,-122.79,0.90,5km W of Cobb, California
38.78,-122.76,0.50,1km NW of The Geysers, California
33.41,-116.34,1.30,18km NNE of Borrego Springs, California
37.64,-118.85,0.50,10km E of Mammoth Lakes, California
37.64,-118.85,0.30,11km E of Mammoth Lakes, California
33.27,-116.77,1.50,4km NNW of Lake Henshaw, California
37.64,-118.85,0.50,10km E of Mammoth Lakes, California
18.52,120.79,4.70,2km WSW of Dumalneg, Philippines
35.59,-120.88,1.70,15km N of Cayucos, California
63.46,-150.04,1.30,54km W of Cantwell, Alaska
37.64,-118.85,0.70,10km E of Mammoth Lakes, California
37.64,-118.85,1.90,10km E of Mammoth Lakes, California
19.48,-155.65,1.00,22km E of Honaunau-Napoopoo, Hawaii
60.54,-152.03,1.50,39km E of Redoubt Volcano, Alaska
19.80,-155.39,2.20,30km W of Pepeekeo, Hawaii
19.17,-68.20,4.20,68km NNE of Punta Cana, Dominican Republic
37.65,-118.86,0.20,10km E of Mammoth Lakes, California
36.02,-117.73,0.70,18km ENE of Little Lake, California
63.09,-151.54,2.00,112km NW of Talkeetna, Alaska
37.64,-118.86,0.30,9km E of Mammoth Lakes, California
63.51,-150.80,1.30,93km W of Cantwell, Alaska
36.44,-98.73,2.60,29km NW of Fairview, Oklahoma
31.17,128.97,4.80,129km W of Makurazaki, Japan
59.66,-150.23,1.70,60km E of Fritz Creek, Alaska
38.81,-122.94,1.90,6km E of Cloverdale, California
37.64,-118.85,0.30,10km E of Mammoth Lakes, California
37.78,-121.96,2.20,1km E of San Ramon, California
37.78,-121.96,2.00,1km E of San Ramon, California
37.78,-121.96,2.40,1km E of San Ramon, California
37.64,-118.87,0.30,9km E of Mammoth Lakes, California
37.64,-118.86,0.90,10km E of Mammoth Lakes, California
37.64,-118.86,1.60,10km E of Mammoth Lakes, California
37.64,-118.85,1.10,10km E of Mammoth Lakes, California
37.64,-118.85,1.40,10km E of Mammoth Lakes, California
37.64,-118.85,1.60,10km E of Mammoth Lakes, California
18.23,-64.85,2.60,14km SE of Charlotte Amalie, U.S. Virgin Islands
35.84,-121.28,1.50,22km NNW of San Simeon, California
38.83,-122.85,0.50,9km NW of The Geysers, California
38.78,-122.72,1.20,2km E of The Geysers, California
60.79,-147.29,1.60,63km SW of Valdez, Alaska
37.64,-118.85,1.20,10km E of Mammoth Lakes, California
17.96,-66.25,2.80,2km W of Central Aguirre, Puerto Rico
17.94,-66.26,1.90,3km WSW of Central Aguirre, Puerto Rico
17.98,-66.25,0.80,2km SSE of Coco, Puerto Rico
37.64,-118.85,1.50,10km E of Mammoth Lakes, California
19.42,-155.61,0.60,27km E of Honaunau-Napoopoo, Hawaii
37.64,-118.92,0.30,5km ESE of Mammoth Lakes, California
17.94,-66.25,3.00,3km WSW of Central Aguirre, Puerto Rico
37.63,-118.92,0.20,5km ESE of Mammoth Lakes, California
40.58,-124.99,2.50,61km W of Ferndale, California
46.41,-122.39,0.40,18km SSW of Morton, Washington
46.41,-122.40,0.90,19km SSW of Morton, Washington
61.87,-150.96,1.60,50km WNW of Willow, Alaska
37.64,-118.85,0.50,10km E of Mammoth Lakes, California
37.64,-118.85,2.00,10km E of Mammoth Lakes, California
37.64,-118.85,0.20,10km E of Mammoth Lakes, California
37.64,-118.85,1.20,10km E of Mammoth Lakes, California
37.64,-118.85,0.40,10km E of Mammoth Lakes, California
37.64,-118.85,0.40,10km E of Mammoth Lakes, California
36.50,-89.56,1.40,10km SSW of New Madrid, Missouri
37.64,-118.85,0.80,10km E of Mammoth Lakes, California
37.64,-118.92,0.40,5km ESE of Mammoth Lakes, California
37.63,-118.91,0.70,5km ESE of Mammoth Lakes, California
37.64,-118.91,0.60,5km E of Mammoth Lakes, California
38.82,-122.79,1.60,5km NW of The Geysers, California
38.82,-122.85,0.20,9km NW of The Geysers, California
-18.77,-69.84,4.50,59km SE of Arica, Chile
41.64,-120.37,1.60,22km NE of Alturas, California
44.60,-110.67,1.10,20km NE of Old Faithful Geyser, Wyoming
35.83,-118.52,1.60,12km NW of Kernville, California
19.43,-155.62,1.10,26km E of Honaunau-Napoopoo, Hawaii
44.67,-110.00,1.70,69km ENE of Old Faithful Geyser, Wyoming
19.48,-155.65,1.40,22km E of Honaunau-Napoopoo, Hawaii
46.41,-122.41,1.00,19km SSW of Morton, Washington
62.91,-150.18,1.80,65km N of Talkeetna, Alaska
39.21,-120.07,0.60,3km SSW of Tahoe Vista, California
19.41,-155.63,0.70,24km ESE of Honaunau-Napoopoo, Hawaii
61.27,-150.53,1.70,34km W of Anchorage, Alaska
52.15,173.60,5.00,72km SSW of Shemya Island, Alaska
-7.77,118.98,4.60,58km N of Sangiang, Indonesia
32.85,-96.97,2.40,4km NNW of Irving, Texas
62.92,-149.49,2.20,59km SSW of Cantwell, Alaska
33.65,-116.77,0.60,11km SSW of Idyllwild, California
37.29,-118.08,0.70,23km NE of Big Pine, California
60.04,-152.44,1.00,44km NW of Anchor Point, Alaska
33.41,-116.35,1.70,17km N of Borrego Springs, California
37.31,-114.65,1.30,36km SSW of Caliente, Nevada
37.53,-118.87,0.20,16km SE of Mammoth Lakes, California
41.78,-111.63,0.70,14km E of North Logan, Utah
19.33,-155.19,1.30,11km SSE of Volcano, Hawaii
36.00,-117.93,0.20,5km SSE of Coso Junction, California
-31.60,-71.42,4.60,24km W of Illapel, Chile
33.98,-116.66,1.40,10km SW of Morongo Valley, California
33.98,-116.88,1.40,6km N of Banning, California
17.83,-81.86,5.80,169km SSW of George Town, Cayman Islands
37.00,-121.46,1.60,9km E of Gilroy, California
49.38,-120.49,2.00,Explosion - 8km S of Princeton, Canada
18.08,-66.83,2.00,5km NNE of Yauco, Puerto Rico
36.01,-117.80,0.20,12km NE of Little Lake, California
18.94,-64.36,3.10,63km NNE of Road Town, British Virgin Islands
63.00,-150.51,1.70,78km NNW of Talkeetna, Alaska
65.00,-147.33,1.60,24km NNE of Badger, Alaska
35.87,-117.71,0.30,19km ESE of Little Lake, California
36.18,-120.75,1.90,33km E of King City, California
61.20,-152.03,1.30,69km NW of Nikiski, Alaska
24.65,94.74,4.50,67km E of Yairipok, India
64.47,-147.29,0.20,19km WSW of Salcha, Alaska
18.34,-66.95,2.90,4km ENE of San Sebastian, Puerto Rico
52.71,158.86,4.50,39km SE of Vilyuchinsk, Russia
63.53,-147.60,1.30,68km ENE of Cantwell, Alaska
32.76,-115.86,1.60,13km ENE of Ocotillo, California
36.52,-121.10,2.10,22km ENE of Soledad, California
61.54,-148.75,1.50,14km E of Butte, Alaska
36.57,-117.94,1.60,12km E of Lone Pine, California
33.67,-116.74,0.90,8km SSW of Idyllwild, California
37.41,-118.57,1.70,11km WNW of West Bishop, California
63.13,-149.31,1.10,34km SSW of Cantwell, Alaska
58.50,-154.05,1.80,107km N of Larsen Bay, Alaska
32.85,-96.95,2.00,3km N of Irving, Texas
51.35,-176.88,1.90,60km SSW of Adak, Alaska
59.36,-153.69,2.20,81km ESE of Old Iliamna, Alaska
33.36,-116.31,1.70,14km NNE of Borrego Springs, California
61.77,-150.33,1.10,15km W of Willow, Alaska
33.60,-116.82,0.90,14km WNW of Anza, California
64.69,-154.04,1.00,69km E of Ruby, Alaska
40.42,-125.41,2.80,98km W of Ferndale, California
33.52,-116.45,1.00,20km SW of La Quinta, California
37.40,-118.68,1.30,20km WNW of West Bishop, California
62.23,-149.75,1.00,9km NNE of Y, Alaska
36.61,-116.38,0.30,47km SE of Beatty, Nevada
34.09,-117.31,1.40,2km NNE of Colton, California
62.32,-152.42,1.70,119km W of Talkeetna, Alaska
53.98,-163.29,1.60,96km S of False Pass, Alaska
37.17,-115.34,1.30,26km SW of Alamo, Nevada
47.58,-114.22,-0.00,7km WSW of Pablo, Montana
63.46,-146.57,0.80,76km SSW of Delta Junction, Alaska
63.49,-146.72,1.90,77km SW of Delta Junction, Alaska
60.29,-151.55,1.80,16km WSW of Cohoe, Alaska
54.33,-163.12,1.80,61km SSE of False Pass, Alaska
38.79,-122.77,1.00,1km NW of The Geysers, California
37.46,-114.59,0.90,18km SSW of Caliente, Nevada
38.83,-122.80,1.10,6km W of Cobb, California
52.38,-167.95,2.80,88km SE of Nikolski, Alaska
61.38,-151.92,1.50,84km NNW of Nikiski, Alaska
18.21,-68.42,3.10,27km SE of Boca de Yuma, Dominican Republic
34.10,-117.32,0.90,3km N of Colton, California
46.85,-121.75,1.60,27km NNW of Packwood, Washington
54.67,-163.54,2.30,22km SSW of False Pass, Alaska
54.66,-163.51,2.20,22km SSW of False Pass, Alaska
64.88,-155.70,2.00,18km NNW of Ruby, Alaska
33.04,-116.41,1.10,19km ESE of Julian, California
64.48,-147.27,1.10,18km WSW of Salcha, Alaska
38.83,-122.80,0.30,6km W of Cobb, California
19.42,-155.63,2.70,25km E of Honaunau-Napoopoo, Hawaii
51.53,-177.47,2.40,61km SE of Tanaga Volcano, Alaska
54.67,-163.55,0.80,22km SSW of False Pass, Alaska
19.42,-155.63,1.40,25km E of Honaunau-Napoopoo, Hawaii
55.78,-162.18,1.70,74km NNE of Cold Bay, Alaska
38.82,-122.80,1.10,6km NW of The Geysers, California
63.51,-147.35,1.20,81km E of Cantwell, Alaska
65.99,-150.72,0.80,106km SE of New Allakaket, Alaska
42.43,143.17,4.80,54km S of Obihiro, Japan
-29.78,-72.12,4.30,77km WNW of Coquimbo, Chile
64.66,-149.15,0.00,9km N of North Nenana, Alaska
39.58,-98.57,2.60,18km NE of Osborne, Kansas
18.79,-63.95,2.50,81km ENE of Road Town, British Virgin Islands
53.28,-168.41,2.10,48km NE of Nikolski, Alaska
62.68,-150.79,1.30,52km NW of Talkeetna, Alaska
36.74,-115.83,-0.00,60km NNE of Pahrump, Nevada
64.60,-149.40,1.70,13km W of North Nenana, Alaska
18.45,-64.40,2.90,23km E of Road Town, British Virgin Islands
36.50,70.32,4.60,42km ESE of Farkhar, Afghanistan
60.23,-151.81,2.20,31km WSW of Cohoe, Alaska
65.24,-150.08,0.70,37km NE of Manley Hot Springs, Alaska
64.62,-151.88,0.70,61km S of Tanana, Alaska
33.60,-116.81,1.00,14km WNW of Anza, California
59.74,-152.65,2.60,46km W of Anchor Point, Alaska
63.44,-148.79,1.20,9km ENE of Cantwell, Alaska
36.73,-121.31,1.60,10km SSE of Ridgemark, California
33.88,-116.85,1.30,6km SSE of Banning, California
38.83,-122.79,1.90,6km WNW of Cobb, California
39.59,-98.57,2.90,20km NNE of Osborne, Kansas
36.65,-121.89,1.90,4km NNE of Pacific Grove, California
33.87,-116.90,0.70,6km SSW of Banning, California
38.82,-122.76,1.30,3km W of Cobb, California
36.63,-121.88,1.60,3km NNE of Monterey, California
33.47,-116.56,0.70,14km SE of Anza, California
61.85,-150.31,0.90,18km NW of Willow, Alaska
37.12,-121.53,1.10,8km ENE of San Martin, California
36.03,-117.78,0.60,15km E of Coso Junction, California
63.49,-151.21,1.30,113km W of Cantwell, Alaska
62.17,-147.40,1.40,86km ENE of Sutton-Alpine, Alaska
63.49,-146.68,0.90,77km SW of Delta Junction, Alaska
57.84,-153.27,1.90,40km WNW of Kodiak Station, Alaska
51.98,-174.33,2.10,25km SSW of Atka, Alaska
51.30,179.94,2.10,66km W of Amatignak Island, Alaska
60.12,-151.84,1.40,37km N of Anchor Point, Alaska
63.01,-151.57,1.50,106km NW of Talkeetna, Alaska
63.79,-149.78,1.60,40km W of Healy, Alaska
33.53,-116.73,0.90,6km WSW of Anza, California
36.74,-116.22,-0.00,51km ESE of Beatty, Nevada
37.63,-118.97,1.30,1km S of Mammoth Lakes, California
37.12,-115.29,1.10,29km SSW of Alamo, Nevada
64.87,-148.56,0.40,26km W of Ester, Alaska
43.75,-121.37,-0.00,11km SE of Three Rivers, Oregon
61.45,-150.63,1.30,36km WSW of Big Lake, Alaska
64.84,-147.52,0.40,4km N of Badger, Alaska
33.46,-116.44,0.70,24km ESE of Anza, California
19.87,-155.55,2.40,20km SE of Waimea, Hawaii
63.45,-147.28,1.20,83km E of Cantwell, Alaska
19.40,-155.28,1.80,5km WSW of Volcano, Hawaii
65.76,-155.19,1.30,114km N of Ruby, Alaska
61.84,-151.06,1.40,54km WNW of Willow, Alaska
33.53,-116.73,0.90,6km WSW of Anza, California
60.48,-152.78,0.40,2km WSW of Redoubt Volcano, Alaska
33.53,-116.73,0.20,6km WSW of Anza, California
38.84,-122.84,1.00,9km NW of The Geysers, California
33.53,-116.73,0.20,6km WSW of Anza, California
36.76,-116.29,-0.00,45km ESE of Beatty, Nevada
53.65,-164.15,2.20,119km ESE of Akutan, Alaska
33.52,-116.74,1.30,7km WSW of Anza, California
33.68,-117.45,0.50,11km WNW of Lakeland Village, California
38.84,-122.93,1.00,9km ENE of Cloverdale, California
41.86,-119.64,1.80,68km ESE of Lakeview, Oregon
36.45,-98.73,4.30,30km NW of Fairview, Oklahoma
38.79,-122.81,1.40,4km WNW of The Geysers, California
41.86,-119.65,2.30,68km ESE of Lakeview, Oregon
35.54,-80.10,2.60,10km S of Denton, North Carolina
36.72,-117.24,0.10,47km WSW of Beatty, Nevada
-14.36,167.96,4.60,68km SE of Sola, Vanuatu
-19.98,-173.20,4.70,122km E of Pangai, Tonga
36.76,-116.28,0.00,46km ESE of Beatty, Nevada
35.61,-120.85,1.30,13km S of Lake Nacimiento, California
63.05,-150.86,1.50,89km NNW of Talkeetna, Alaska
62.90,-148.93,1.10,54km S of Cantwell, Alaska
58.34,-153.82,1.90,89km N of Larsen Bay, Alaska
38.38,-118.66,0.90,16km S of Hawthorne, Nevada
36.76,-116.29,0.10,45km ESE of Beatty, Nevada
18.87,-68.82,3.40,26km ENE of Santa Cruz de El Seibo, Dominican Republic
33.27,-116.78,0.80,4km NNW of Lake Henshaw, California
33.53,-116.73,0.60,6km WSW of Anza, California
18.37,-64.87,2.60,7km ENE of Charlotte Amalie, U.S. Virgin Islands
37.56,-118.86,0.20,14km SE of Mammoth Lakes, California
44.77,-111.10,0.70,11km N of West Yellowstone, Montana
37.70,-118.52,1.50,36km NNW of Dixon Lane-Meadow Creek, California
18.02,-65.18,2.10,31km ESE of Vieques, Puerto Rico
37.58,-118.85,0.60,13km SE of Mammoth Lakes, California
19.41,-155.29,2.10,5km WSW of Volcano, Hawaii
48.29,-114.28,1.60,7km N of Evergreen, Montana
36.47,-120.47,2.40,29km WSW of San Joaquin, California
38.82,-122.78,0.40,5km W of Cobb, California
38.82,-122.79,0.80,5km NW of The Geysers, California
63.52,-150.81,1.00,93km W of Cantwell, Alaska
61.45,-147.83,1.10,62km ESE of Lazy Mountain, Alaska
1.43,-101.18,4.50,Galapagos Triple Junction region
38.82,-122.85,0.80,9km NW of The Geysers, California
61.52,-146.53,1.40,44km NNW of Valdez, Alaska
60.19,-140.98,1.10,82km E of Cape Yakataga, Alaska
36.68,-121.31,2.10,15km SSE of Ridgemark, California
34.03,-117.00,0.90,4km E of Yucaipa, California
36.53,-113.52,1.40,54km SE of Littlefield, Arizona
63.55,-147.37,1.00,80km ENE of Cantwell, Alaska
63.56,-147.27,0.90,85km ENE of Cantwell, Alaska
60.11,-152.72,1.70,42km S of Redoubt Volcano, Alaska
51.24,-175.12,2.10,124km SSW of Atka, Alaska
51.27,-175.10,2.00,119km SSW of Atka, Alaska
61.96,-147.21,1.50,88km ENE of Sutton-Alpine, Alaska
-23.80,-66.55,4.40,52km NNW of San Antonio de los Cobres, Argentina
62.10,-149.56,1.20,16km ESE of Y, Alaska
46.27,-119.30,0.20,1km SSW of Richland, Washington
57.37,-155.24,2.40,77km WSW of Larsen Bay, Alaska
51.46,-173.51,3.20,94km SSE of Atka, Alaska
47.66,-120.11,0.90,3km WNW of Waterville, Washington
18.35,-64.58,2.40,8km SSE of Road Town, British Virgin Islands
62.97,-151.04,1.40,86km NNW of Talkeetna, Alaska
32.01,128.58,4.80,79km SSW of Fukue, Japan
-24.77,-175.80,5.00,South of Tonga
51.31,-178.01,3.60,65km S of Tanaga Volcano, Alaska
13.20,-89.48,4.50,36km SSW of La Libertad, El Salvador
59.55,-151.38,1.90,13km SE of Homer, Alaska
38.84,-122.84,1.00,10km W of Cobb, California
61.35,-151.02,2.80,60km WSW of Big Lake, Alaska
38.46,-118.21,0.80,36km E of Hawthorne, Nevada
67.58,-161.95,2.70,43km E of Noatak, Alaska
5.12,127.31,4.80,186km SE of Pondaguitan, Philippines
64.65,-149.26,0.20,10km NW of North Nenana, Alaska
59.96,-152.54,1.60,44km WNW of Anchor Point, Alaska
64.96,-151.05,1.20,20km WSW of Manley Hot Springs, Alaska
51.82,-179.46,2.30,66km NNW of Amatignak Island, Alaska
33.81,-116.98,0.70,4km NW of San Jacinto, California
48.15,-116.35,2.20,21km SE of Sandpoint, Idaho
18.05,-66.35,2.70,3km NW of Mariano Colon, Puerto Rico
37.49,-118.84,2.60,21km SE of Mammoth Lakes, California
61.79,-146.47,1.60,60km SW of Glennallen, Alaska
55.72,-160.66,1.80,44km NNW of Sand Point, Alaska
36.30,-89.51,1.40,4km NNW of Ridgely, Tennessee
43.69,-110.37,1.20,39km NE of Jackson, Wyoming
37.02,-97.94,2.00,16km SSE of Anthony, Kansas
38.82,-122.85,0.80,10km WNW of The Geysers, California
46.42,-120.84,1.60,23km SW of Ahtanum, Washington
62.77,-149.45,1.40,60km NE of Talkeetna, Alaska
61.47,-149.76,1.90,9km WSW of Knik-Fairview, Alaska
18.13,-66.90,1.60,8km NE of Sabana Grande, Puerto Rico
19.20,-155.41,2.30,6km E of Pahala, Hawaii
57.74,-155.88,2.00,115km SSE of King Salmon, Alaska
38.80,-122.77,1.50,3km NNW of The Geysers, California
48.48,-111.40,2.50,32km W of Chester, Montana
36.40,-117.90,0.90,16km NE of Olancha, California
17.95,-66.87,2.30,4km SE of Maria Antonia, Puerto Rico
38.84,-122.83,0.70,9km W of Cobb, California
19.43,-155.62,1.20,26km E of Honaunau-Napoopoo, Hawaii
60.23,-141.16,1.30,73km ENE of Cape Yakataga, Alaska
63.27,-151.67,1.80,131km NW of Talkeetna, Alaska
63.61,-150.81,0.80,95km WSW of Healy, Alaska
44.75,-111.11,0.30,9km N of West Yellowstone, Montana
38.81,-122.82,1.10,6km NW of The Geysers, California
30.98,128.86,4.50,142km WSW of Makurazaki, Japan
36.30,-89.50,1.30,4km NNW of Ridgely, Tennessee
51.87,-172.65,2.40,112km ESE of Atka, Alaska
44.76,-111.10,0.90,11km N of West Yellowstone, Montana
36.67,-121.30,2.40,16km SSE of Ridgemark, California
33.92,-116.37,1.50,12km N of Thousand Palms, California
51.70,-175.85,1.80,59km ESE of Adak, Alaska
68.96,-148.28,1.70,144km S of Prudhoe Bay, Alaska
39.32,-119.98,0.50,7km N of Incline Village, Nevada
61.51,-140.67,1.50,187km NNE of Cape Yakataga, Alaska
36.80,-98.68,2.80,1km SW of Alva, Oklahoma
37.21,-114.54,0.70,45km S of Caliente, Nevada
57.85,-155.47,2.20,95km WNW of Larsen Bay, Alaska
38.84,-122.83,0.80,9km WNW of Cobb, California
51.44,-172.81,2.70,127km SE of Atka, Alaska
68.95,-148.22,2.20,142km NW of Arctic Village, Alaska
38.84,-122.83,0.80,9km WNW of Cobb, California
53.63,-160.78,2.70,151km SSW of Chernabura Island, Alaska
59.52,-152.51,2.10,47km SW of Anchor Point, Alaska
33.48,-116.57,0.40,13km SE of Anza, California
38.84,-122.83,1.40,9km W of Cobb, California
38.83,-122.77,0.90,4km WNW of Cobb, California
38.84,-122.83,0.50,9km WNW of Cobb, California
33.37,-116.33,0.90,13km NNE of Borrego Springs, California
38.84,-122.83,2.40,9km WNW of Cobb, California
38.83,-122.84,0.50,9km NW of The Geysers, California
60.79,-148.95,1.50,14km W of Whittier, Alaska
65.04,-149.64,0.60,46km E of Manley Hot Springs, Alaska
38.80,-122.74,1.20,2km SW of Cobb, California
64.87,-148.65,0.60,30km W of Ester, Alaska
52.60,-169.32,3.90,48km SW of Nikolski, Alaska
38.94,-118.73,1.30,37km E of Yerington, Nevada
41.87,-119.63,1.00,69km ESE of Lakeview, Oregon
37.61,-112.89,1.30,17km ESE of Cedar City, Utah
19.40,-155.28,2.00,5km SW of Volcano, Hawaii
31.26,128.80,4.50,144km W of Makurazaki, Japan
18.18,-68.81,3.30,30km SSW of San Rafael del Yuma, Dominican Republic
53.72,-164.16,2.50,115km ESE of Akutan, Alaska
41.87,-119.63,2.00,69km ESE of Lakeview, Oregon
33.49,-116.50,0.20,18km ESE of Anza, California
38.87,-122.82,1.80,9km NW of Cobb, California
31.30,128.88,5.30,137km W of Makurazaki, Japan
19.43,-155.61,1.70,26km E of Honaunau-Napoopoo, Hawaii
64.75,-151.32,0.90,42km SW of Manley Hot Springs, Alaska
37.64,-118.93,0.70,3km ESE of Mammoth Lakes, California
18.61,-65.64,2.70,27km NNE of Luquillo, Puerto Rico
36.36,-117.14,0.20,69km NNE of Searles Valley, California
64.99,-147.35,0.30,22km NNE of Badger, Alaska
38.81,-122.77,0.70,3km NNW of The Geysers, California
34.64,-116.31,1.30,16km SW of Ludlow, California
35.94,-117.91,-0.00,0km SSW of Little Lake, California
31.43,128.96,5.70,128km WSW of Kushikino, Japan
43.66,-110.70,0.80,19km NE of Moose Wilson Road, Wyoming
43.66,-110.70,0.60,19km NE of Moose Wilson Road, Wyoming
64.11,-148.59,1.40,33km NNE of Healy, Alaska
64.85,-149.70,0.40,41km NW of North Nenana, Alaska
60.94,-151.64,1.80,33km NW of Nikiski, Alaska
37.52,-118.88,0.40,16km SSE of Mammoth Lakes, California
33.58,-116.81,0.30,13km WNW of Anza, California
64.41,-149.00,0.60,19km SSE of North Nenana, Alaska
33.47,-116.44,0.60,24km ESE of Anza, California
19.20,-155.41,2.10,7km E of Pahala, Hawaii
42.92,145.89,4.70,52km SSE of Nemuro, Japan
64.63,-151.15,1.60,47km SSW of Manley Hot Springs, Alaska
61.86,-149.61,1.50,23km WNW of Fishhook, Alaska
37.64,-118.93,0.40,3km ESE of Mammoth Lakes, California
33.69,-116.78,1.20,8km SW of Idyllwild, California
38.83,-122.81,1.00,7km W of Cobb, California
54.71,-162.61,2.00,53km S of Cold Bay, Alaska
37.67,-118.92,0.60,5km ENE of Mammoth Lakes, California
54.75,-161.63,2.00,85km SE of Cold Bay, Alaska
-0.49,131.43,4.10,48km NNE of Sorong, Indonesia
66.86,-155.92,2.20,42km E of Kobuk, Alaska
37.44,-118.84,0.90,26km SSE of Mammoth Lakes, California
37.41,-118.53,1.20,9km NW of West Bishop, California
39.42,-119.85,0.40,12km SSW of Reno, Nevada
65.01,-150.79,0.90,7km W of Manley Hot Springs, Alaska
36.42,-97.34,2.60,15km NNW of Perry, Oklahoma
6.76,94.55,5.30,129km NW of Sabang, Indonesia
38.84,-122.83,1.10,9km WNW of Cobb, California
66.27,-151.28,1.40,68km ESE of New Allakaket, Alaska
37.78,-121.96,1.00,1km E of San Ramon, California
37.50,-118.85,0.30,20km SSE of Mammoth Lakes, California
36.33,-116.33,1.20,33km WNW of Pahrump, Nevada
65.15,-149.03,0.90,58km NW of Ester, Alaska
36.20,-97.49,2.50,20km WSW of Perry, Oklahoma
33.67,-116.72,0.40,8km S of Idyllwild, California
61.75,-147.63,1.50,64km E of Sutton-Alpine, Alaska
40.37,-124.47,1.40,29km SW of Ferndale, California
37.15,-117.37,0.20,60km WNW of Beatty, Nevada
62.08,-151.41,1.60,73km WSW of Talkeetna, Alaska
64.51,-147.37,0.20,22km SW of Eielson Air Force Base, Alaska
38.83,-122.81,1.00,7km W of Cobb, California
63.04,-144.20,2.30,69km WSW of Tok, Alaska
37.79,-121.97,1.10,1km NE of San Ramon, California
17.93,-66.24,2.30,2km SSW of Central Aguirre, Puerto Rico
64.10,-147.37,1.00,52km SSW of Salcha, Alaska
63.13,-150.95,1.30,99km NNW of Talkeetna, Alaska
64.96,-149.55,0.50,47km NNW of North Nenana, Alaska
-4.76,134.05,4.80,113km N of Dobo, Indonesia
37.82,-122.35,2.10,Chemical Explosion - 6km WSW of Emeryville, California
38.57,-118.64,0.10,5km NNW of Hawthorne, Nevada
44.70,-114.29,2.00,21km NNW of Challis, Idaho
33.49,-116.42,0.60,22km SSW of La Quinta, California
37.79,-121.96,1.10,1km NE of San Ramon, California
37.79,-121.96,1.20,1km ENE of San Ramon, California
33.27,-116.78,0.60,4km NNW of Lake Henshaw, California
64.28,-149.91,0.90,50km SW of North Nenana, Alaska
37.79,-121.96,1.20,1km ENE of San Ramon, California
46.43,136.09,4.30,16km ESE of Vostok, Russia
-14.62,167.31,4.50,55km NNE of Port-Olry, Vanuatu
33.27,-116.78,1.10,3km NNW of Lake Henshaw, California
46.81,-112.00,1.30,9km NNE of Helena Valley Northwest, Montana
38.81,-122.82,1.00,6km NW of The Geysers, California
8.60,-71.27,4.60,6km NNW of Ejido, Venezuela
35.93,-117.91,1.10,1km S of Little Lake, California
38.84,-122.84,0.80,9km NW of The Geysers, California
63.57,-151.04,0.60,105km WNW of Cantwell, Alaska
41.87,-119.63,1.80,69km ESE of Lakeview, Oregon
49.26,-113.92,1.10,24km S of Pincher Creek, Canada
65.00,-148.83,0.50,41km WNW of Ester, Alaska
51.57,178.51,2.50,42km S of Little Sitkin Island, Alaska
65.51,-149.27,0.90,85km NE of Manley Hot Springs, Alaska
61.88,-154.19,1.30,140km SSE of McGrath, Alaska
60.06,-150.76,1.70,45km SE of Cohoe, Alaska
51.49,-176.86,1.90,45km SSW of Adak, Alaska
38.84,-122.83,1.70,9km W of Cobb, California
37.50,-118.55,0.90,16km NW of Dixon Lane-Meadow Creek, California
65.26,-147.92,1.10,45km N of College, Alaska
5.63,125.65,4.60,19km ESE of Kalbay, Philippines
49.76,155.83,4.70,104km SSW of Severo-Kuril'sk, Russia
36.73,-117.20,0.10,43km WSW of Beatty, Nevada
63.30,-151.66,2.40,135km NW of Talkeetna, Alaska
38.79,-122.75,1.20,1km NNE of The Geysers, California
61.32,-152.04,2.10,81km NNW of Nikiski, Alaska
41.96,-120.17,1.10,29km SSE of Lakeview, Oregon
8.54,-71.39,4.90,3km N of Lagunillas, Venezuela
36.24,-120.81,1.20,28km E of King City, California
54.18,-162.37,2.00,100km SE of False Pass, Alaska
59.81,-152.78,1.90,53km W of Anchor Point, Alaska
64.65,-149.87,0.50,36km WNW of North Nenana, Alaska
51.60,-178.15,3.30,32km S of Tanaga Volcano, Alaska
62.93,-151.29,2.60,91km NW of Talkeetna, Alaska
38.84,-122.83,0.40,9km W of Cobb, California
38.84,-122.83,1.10,9km W of Cobb, California
54.53,-163.81,3.20,43km SW of False Pass, Alaska
37.64,-118.93,1.20,4km ESE of Mammoth Lakes, California
51.81,-176.55,2.20,11km SE of Adak, Alaska
63.49,-151.28,0.70,116km W of Cantwell, Alaska
47.87,-121.64,0.70,4km ENE of Gold Bar, Washington
37.64,-118.93,0.40,3km ESE of Mammoth Lakes, California
37.64,-118.93,0.40,4km ESE of Mammoth Lakes, California
37.64,-118.93,0.90,4km ESE of Mammoth Lakes, California
63.54,-150.85,0.80,95km W of Cantwell, Alaska
33.27,-116.77,0.50,4km NNW of Lake Henshaw, California
37.95,143.94,5.20,230km ESE of Ofunato, Japan
62.66,-152.80,1.70,143km WNW of Talkeetna, Alaska
51.91,-169.55,2.80,111km SE of Yunaska Island, Alaska
38.84,-122.83,1.10,9km W of Cobb, California
38.84,-122.83,1.40,9km W of Cobb, California
33.64,-116.70,0.50,10km NNW of Anza, California
36.61,-121.10,1.00,28km NE of Soledad, California
38.84,-122.83,0.80,8km NW of The Geysers, California
37.40,-118.68,0.90,20km WNW of West Bishop, California
38.84,-122.83,0.90,8km NW of The Geysers, California
38.84,-122.83,0.90,8km NW of The Geysers, California
38.79,-122.74,1.20,1km NE of The Geysers, California
54.44,-161.61,2.50,109km SE of Cold Bay, Alaska
63.26,-150.44,1.80,75km W of Cantwell, Alaska
19.41,-155.64,1.40,24km ESE of Honaunau-Napoopoo, Hawaii
36.46,-121.70,1.20,7km SE of Carmel Valley Village, California
39.94,-120.58,0.40,17km NNW of Portola, California
37.52,-118.85,0.40,17km SE of Mammoth Lakes, California
59.51,-152.59,3.10,52km SW of Anchor Point, Alaska
37.56,-118.83,0.10,16km SE of Mammoth Lakes, California
33.81,-117.00,0.80,5km NW of San Jacinto, California
64.30,-148.16,1.40,55km SE of North Nenana, Alaska
40.57,-119.70,2.00,26km W of Gerlach-Empire, Nevada
38.84,-122.83,0.40,9km WNW of Cobb, California
31.33,129.01,4.70,125km W of Makurazaki, Japan
61.15,-140.00,1.50,141km WNW of Haines Junction, Canada
38.81,-122.79,1.00,4km NW of The Geysers, California
61.15,-140.01,1.60,142km WNW of Haines Junction, Canada
59.36,-152.52,2.20,60km SW of Anchor Point, Alaska
65.14,-149.35,0.60,62km ENE of Manley Hot Springs, Alaska
36.07,-120.63,0.80,25km WSW of Coalinga, California
60.44,-151.94,2.50,35km WNW of Cohoe, Alaska
33.46,-116.91,1.70,4km WNW of Aguanga, California
40.54,-119.65,0.70,23km WSW of Gerlach-Empire, Nevada
61.50,-146.68,1.40,44km NNW of Valdez, Alaska
36.06,-120.64,2.10,26km WSW of Coalinga, California
34.11,-117.04,1.40,8km N of Yucaipa, California
61.26,-149.32,1.50,31km E of Anchorage, Alaska
19.42,-155.61,0.60,27km E of Honaunau-Napoopoo, Hawaii
36.07,-120.63,0.70,25km WSW of Coalinga, California
64.96,-147.87,0.40,11km NNW of College, Alaska
36.06,-120.64,1.90,26km WSW of Coalinga, California
35.84,-121.38,1.70,27km NW of San Simeon, California
33.61,-116.86,0.60,15km SSE of Valle Vista, California
37.53,-118.86,0.50,16km SE of Mammoth Lakes, California
19.43,-155.62,2.00,25km E of Honaunau-Napoopoo, Hawaii
46.61,-122.52,1.50,19km WNW of Morton, Washington
38.82,-122.77,1.20,3km W of Cobb, California
38.82,-122.77,1.10,3km W of Cobb, California
64.61,-149.38,0.40,13km WNW of North Nenana, Alaska
60.27,-151.02,1.70,19km SE of Cohoe, Alaska
44.75,-111.18,0.20,11km NW of West Yellowstone, Montana
19.47,-155.65,0.80,22km E of Honaunau-Napoopoo, Hawaii
19.42,-155.61,1.20,27km E of Honaunau-Napoopoo, Hawaii
59.74,-152.07,2.40,14km WSW of Anchor Point, Alaska
51.39,177.21,3.20,83km SSW of Kiska Volcano, Alaska
33.70,-116.73,1.30,4km S of Idyllwild, California
59.03,-153.91,2.70,99km SE of Old Iliamna, Alaska
60.70,-150.84,1.80,18km NNW of Sterling, Alaska
44.74,-111.19,0.70,11km NW of West Yellowstone, Montana
37.38,-118.61,1.40,13km W of West Bishop, California
36.56,-121.12,1.00,23km NE of Soledad, California
7.18,-34.27,5.30,Central Mid-Atlantic Ridge
63.41,-151.88,1.10,146km W of Cantwell, Alaska
44.75,-111.19,0.70,11km NW of West Yellowstone, Montana
19.31,-155.36,1.20,17km NE of Pahala, Hawaii
19.42,-155.61,0.60,27km E of Honaunau-Napoopoo, Hawaii
33.69,-116.77,0.70,7km SW of Idyllwild, California
36.56,-121.12,1.00,23km NE of Soledad, California
38.53,-118.43,0.80,17km E of Hawthorne, Nevada
38.79,-122.80,0.50,4km WNW of The Geysers, California
38.78,-122.73,1.10,2km E of The Geysers, California
62.23,-148.56,1.20,51km NNE of Sutton-Alpine, Alaska
63.49,-147.00,1.00,87km SW of Delta Junction, Alaska
63.48,-151.25,0.80,115km W of Cantwell, Alaska
63.19,-150.31,1.40,71km WSW of Cantwell, Alaska
51.29,-179.96,2.40,59km W of Amatignak Island, Alaska
51.74,-177.60,2.40,40km ESE of Tanaga Volcano, Alaska
32.72,-116.01,1.20,2km SW of Ocotillo, California
# quakes read: 1518
